floor_rate,floor_class,transactions,transaction_share,runtime_bal_bytes,runtime_bal_byte_share,incremental_bal_floor_gas,incremental_bal_floor_gas_share
40,already floor-bound under static EIP-8131,8735,0.004597978258168978,4576647.0,0.006359407219236489,183210720.0,0.6635908478244484
40,within 10% of static floor,868,0.0004569027049903461,408610.0,0.0005677775419105345,8814625.046901174,0.03192664986048725
40,newly floor-bound primarily because of deployed code,373,0.0001963418306006902,4920178.0,0.006836755269333325,83265553.67571,0.30158857166347314
40,newly floor-bound through other non-code BAL,137,7.211482786137951e-05,88516.0,0.00012299600327880588,798984.9770326208,0.0028939306515910986
40,unaffected,1889635,0.9946766623783786,709671710.0,0.9861130639662409,0.0,0.0
50,already floor-bound under static EIP-8131,11190,0.005890254918020706,6167513.0,0.008569969826585904,309829150.0,0.6282982655851546
50,within 10% of static floor,2361,0.0012427964129979345,1218620.0,0.0016933140846357542,39021782.323771104,0.07913173487409698
50,newly floor-bound primarily because of deployed code,441,0.00023213605172896616,5491825.0,0.007631078287616115,134071729.2447473,0.27188221298246845
50,newly floor-bound through other non-code BAL,1858,0.0009780244537696578,1078338.0,0.0014983874574501896,10201650.515084397,0.02068778655828035
50,unaffected,1883898,0.9916567881634827,705709365.0,0.980607250343712,0.0,0.0
64,already floor-bound under static EIP-8131,19906,0.01047823184969796,10515302.0,0.014611371043310069,697185152.0,0.5353147078062167
64,within 10% of static floor,9135,0.004808532500100013,5979452.0,0.008308652648080148,279808017.94252425,0.2148429967807734
64,newly floor-bound primarily because of deployed code,452,0.00023792629338206963,5654550.0,0.00785719022933901,208240021.47715455,0.15989145197774274
64,newly floor-bound through other non-code BAL,9385,0.00494012890130691,10124783.0,0.014068731563391907,117150512.65814653,0.0899508434352661
64,unaffected,1860870,0.979535180455513,687391574.0,0.9551540545158789,0.0,0.0
65,already floor-bound under static EIP-8131,21008,0.011058308786217962,11304188.0,0.015707555067018823,763016020.0,0.5405043966334191
65,within 10% of static floor,8858,0.004662723687562771,6245342.0,0.008678115878589906,297257576.977875,0.21057097502243588
65,newly floor-bound primarily because of deployed code,451,0.00023739990777724203,5637367.0,0.007833313864339013,213249864.00174844,0.15106168947071874
65,newly floor-bound through other non-code BAL,10634,0.005597584521736567,12729014.0,0.017687399426995865,138150569.33819583,0.09786293887342609
65,unaffected,1858797,0.9784439830967054,683749750.0,0.9500936157630564,0.0,0.0
66,already floor-bound under static EIP-8131,22020,0.01159101101830348,11982134.0,0.01664958417405996,821976540.0,0.5370845615916582
66,within 10% of static floor,8816,0.004640615492160013,6705485.0,0.009317500282954309,328063648.04177564,0.21435881927077519
66,newly floor-bound primarily because of deployed code,452,0.00023792629338206963,5643147.0,0.007841345371625284,219132741.758663,0.1431826905155098
66,newly floor-bound through other non-code BAL,11491,0.00604869698507381,14871123.0,0.020663932998187057,161268640.82311535,0.10537392862205713
66,unaffected,1856969,0.9774817502110806,680463772.0,0.9455276371731733,0.0,0.0
67,already floor-bound under static EIP-8131,22824,0.01201422504458486,12736184.0,0.01769736238672641,888639023.0,0.5361452983656291
67,within 10% of static floor,9011,0.004743260685101392,7165984.0,0.009957379361469908,355841802.68562996,0.21469112264255175
67,newly floor-bound primarily because of deployed code,455,0.0002395054501965524,5657891.0,0.007861832662875936,225034140.40553162,0.1357705358727833
67,newly floor-bound through other non-code BAL,12982,0.006833537921871743,16637236.0,0.02311800729366744,187944356.426267,0.11339304311903603
67,unaffected,1854476,0.9761694708982455,677468366.0,0.9413654182952603,0.0,0.0
68,already floor-bound under static EIP-8131,23832,0.012544821734251069,13564841.0,0.018848809572421715,961132876.0,0.5364048249194568
68,within 10% of static floor,8953,0.004712730320021392,7492814.0,0.010411520802018648,379436858.84784055,0.21176235557076561
68,newly floor-bound primarily because of deployed code,460,0.00024213737822069032,5661189.0,0.00786641534644516,230935554.67144197,0.12888430815804547
68,newly floor-bound through other non-code BAL,13876,0.0073041266525876065,18743657.0,0.026044951170735377,220299763.95747942,0.12294851135173263
68,unaffected,1852627,0.9751961839149192,674203160.0,0.9368283031083791,0.0,0.0
69,already floor-bound under static EIP-8131,24769,0.01303804504597452,14192497.0,0.01972095900793577,1022467461.0,0.5281143098114219
69,within 10% of static floor,8942,0.004706940078368289,8219880.0,0.011421803825651757,424401836.92948526,0.2192076440002375
69,newly floor-bound primarily because of deployed code,465,0.00024476930624482826,5664684.0,0.007871271768238501,236853602.79320112,0.12233717133955824
69,newly floor-bound through other non-code BAL,14663,0.007718392123586918,19687879.0,0.027356979868461445,252349351.06897694,0.13034087484878207
69,unaffected,1850909,0.9742918534458255,671900721.0,0.9336289855297125,0.0,0.0
70,already floor-bound under static EIP-8131,26068,0.013721819946645555,14988203.0,0.02082661965442867,1097811890.0,0.5262025804783873
70,within 10% of static floor,8571,0.004511651018977254,8857000.0,0.01230710381219648,465615173.75434613,0.22317840439807007
70,newly floor-bound primarily because of deployed code,471,0.0002479276198737938,5674331.0,0.00788467660401543,242759816.82881373,0.11635949948745994
70,newly floor-bound through other non-code BAL,15760,0.00829583713208278,20012744.0,0.02780839087443968,280104465.61651915,0.13425951563608235
70,unaffected,1848878,0.9732227642824206,670133383.0,0.9311732090549197,0.0,0.0
71,already floor-bound under static EIP-8131,27063,0.014245573623449005,15865078.0,0.022045067396928363,1181242478.0,0.5277933797209181
71,within 10% of static floor,8599,0.004526389815912427,9502014.0,0.013203372781183734,508444313.755406,0.22717904897155977
71,newly floor-bound primarily because of deployed code,469,0.0002468748486641386,5590609.0,0.007768342027368178,243252609.40614313,0.10868819843134753
71,newly floor-bound through other non-code BAL,17212,0.009060149030292439,19987877.0,0.027773837329164993,305138080.2661411,0.13633937287617537
71,unaffected,1846405,0.971921012681682,668720083.0,0.9292093804653547,0.0,0.0
72,already floor-bound under static EIP-8131,27734,0.014598778364288316,16744314.0,0.02326679582951506,1267794288.0,0.5303955183005697
72,within 10% of static floor,8794,0.004629035008853806,10190202.0,0.01415963349681068,551424712.0514,0.23069452096493803
72,newly floor-bound primarily because of deployed code,470,0.0002474012342689662,5598162.0,0.0077788371786715,249032457.64331564,0.10418543504700746
72,newly floor-bound through other non-code BAL,18711,0.009849201051928992,19940245.0,0.02770765103936229,322029463.3472185,0.13472452568748464
72,unaffected,1844039,0.9706755843406599,667192738.0,0.9270870824556404,0.0,0.0
73,already floor-bound under static EIP-8131,28425,0.014962510817224179,17723234.0,0.024627038582573136,1365210668.0,0.5368145298947978
73,within 10% of static floor,9002,0.004738523214657944,10582699.0,0.014705021475243071,583926448.1096793,0.229605737108946
73,newly floor-bound primarily because of deployed code,473,0.000248980391083449,5604154.0,0.007787163267193875,254788037.02442446,0.10018521208778362
73,newly floor-bound through other non-code BAL,21437,0.011284128210688997,20698151.0,0.028760787295643943,339244958.65021724,0.13339452090847306
73,unaffected,1840411,0.9687658573663455,665057423.0,0.9241199893793459,0.0,0.0
74,already floor-bound under static EIP-8131,29151,0.015344666766329007,18732295.0,0.02602916328392109,1466534516.0,0.5437006595417951
74,within 10% of static floor,8954,0.00471325670562622,10707982.0,0.014879106479974178,607127808.0367147,0.22508559195460912
74,newly floor-bound primarily because of deployed code,473,0.000248980391083449,5604435.0,0.007787553726285128,260560913.00592697,0.09659993590777158
74,newly floor-bound through other non-code BAL,23767,0.012510606669937276,21811668.0,0.030308057174343907,363096492.59668875,0.13461381259582453
74,unaffected,1837403,0.967182489467024,662809281.0,0.9209961193354756,0.0,0.0
75,already floor-bound under static EIP-8131,29906,0.015742087897973836,19896368.0,0.0276466824502274,1582639125.0,0.554812326351551
75,within 10% of static floor,8830,0.004647984890627599,10116426.0,0.014057119226645997,598015873.2239888,0.20964133426093293
75,newly floor-bound primarily because of deployed code,475,0.0002500331622931041,5606302.0,0.007790147986510641,266352560.9248668,0.09337295004407184
75,newly floor-bound through other non-code BAL,25797,0.013579169447737278,23524462.0,0.032688042899409644,405559065.33016896,0.14217338934344345
75,unaffected,1834740,0.9657807246013682,660522103.0,0.9178180074372063,0.0,0.0
76,already floor-bound under static EIP-8131,30588,0.01610108288046625,20995715.0,0.02917426263026881,1694419316.0,0.5632134555055723
76,within 10% of static floor,8853,0.004660091759538633,9453127.0,0.01313544262604465,586350705.232231,0.19489898616805787
76,newly floor-bound primarily because of deployed code,480,0.0002526650903172421,5607223.0,0.007791427747446741,272123881.50544685,0.09045212727513054
76,newly floor-bound through other non-code BAL,27667,0.014563510528764867,25520104.0,0.03546105557480531,455591245.1872647,0.15143543105123913
76,unaffected,1832160,0.964422649740913,658089492.0,0.9144378114214344,0.0,0.0
77,already floor-bound under static EIP-8131,31402,0.01652956076279591,22181166.0,0.03082148725726126,1814862357.0,0.573351087796058
77,within 10% of static floor,8770,0.004616401754337944,8694288.0,0.01208100993441731,563253985.493569,0.17794312832739131
77,newly floor-bound primarily because of deployed code,481,0.00025319147592206965,5607403.0,0.007791677863590604,277908344.04744935,0.08779676913382926
77,newly floor-bound through other non-code BAL,29334,0.015440995332012456,27200354.0,0.03779582030106061,509334890.9148626,0.16090901474272135
77,unaffected,1829761,0.9631598506749316,655982450.0,0.9115100046436703,0.0,0.0
78,already floor-bound under static EIP-8131,32181,0.0169396151489566,23509336.0,0.032667024806120354,1949432316.0,0.5869252406530734
78,within 10% of static floor,8654,0.004555341024177944,7813190.0,0.010856694189275762,521628209.29352,0.15704918799090584
78,newly floor-bound primarily because of deployed code,505,0.0002658247304379318,5629543.0,0.007822442149285763,283731872.5473753,0.08542455986238787
78,newly floor-bound through other non-code BAL,31150,0.016396911590379357,28790662.0,0.04000560754836405,566639670.4594239,0.170601011493633
78,unaffected,1827258,0.9618423075060482,653922930.0,0.908648231306954,0.0,0.0
79,already floor-bound under static EIP-8131,32985,0.01736282917523798,24902888.0,0.034603412875635314,2090740451.0,0.6013066962755836
79,within 10% of static floor,8488,0.004467961013776564,6804498.0,0.00945508222602273,466700374.26208085,0.13422520239845412
79,newly floor-bound primarily because of deployed code,512,0.0002695094296717249,5631731.0,0.007825482449967834,289564000.8513344,0.08327995597395947
79,newly floor-bound through other non-code BAL,33151,0.01745020918563936,30867305.0,0.042891173878032235,629990297.9219192,0.18118814535200284
79,unaffected,1824612,0.9604494911956744,651459239.0,0.9052248485703419,0.0,0.0
80,already floor-bound under static EIP-8131,33837,0.017811309710551084,26303263.0,0.03654928173653682,2234209040.0,0.6151564635784541
80,within 10% of static floor,8389,0.004415848838898633,5956163.0,0.008276291787666663,411229991.9068961,0.11322610508229013
80,newly floor-bound primarily because of deployed code,530,0.00027898437055862146,5649784.0,0.007850567709663168,295397216.77297515,0.08133326110836138
80,newly floor-bound through other non-code BAL,35221,0.018539827387632466,32795454.0,0.045570402726218165,691099969.6332417,0.1902841702308939
80,unaffected,1821771,0.9589540296923592,648960997.0,0.9017534560399152,0.0,0.0
81,already floor-bound under static EIP-8131,34778,0.018306638564693844,27693699.0,0.03848134001769469,2380285116.0,0.6285447393607264
81,within 10% of static floor,8116,0.004272145568780701,4989245.0,0.006932726223267724,343630334.672376,0.09073998643744313
81,newly floor-bound primarily because of deployed code,553,0.00029109123946965596,5668672.0,0.007876813230359202,301123668.12482953,0.07951555728539322
81,newly floor-bound through other non-code BAL,37557,0.01976946416050971,35442336.0,0.04924833561011049,761938906.6985061,0.2011997169164374
81,unaffected,1818744,0.9573606604665461,645871709.0,0.897460784918568,0.0,0.0
82,already floor-bound under static EIP-8131,35576,0.01872669427734626,28843244.0,0.04007867203212298,2508233138.0,0.6359563737242045
82,within 10% of static floor,8121,0.004274777496804839,4287436.0,0.005957538663221003,291591672.6148289,0.07393235497724375
82,newly floor-bound primarily because of deployed code,584,0.0003074091932193112,5650911.0,0.007852133714630578,305798855.1446456,0.07753455133834616
82,newly floor-bound through other non-code BAL,40406,0.021269136748663507,37858411.0,0.05260555428946609,838409669.910413,0.21257671996020555
82,unaffected,1815061,0.9554219822839661,643025659.0,0.8935061013005593,0.0,0.0
83,already floor-bound under static EIP-8131,36167,0.019037788169799362,29463595.0,0.040940670920798596,2593019600.0,0.631843009440032
83,within 10% of static floor,8396,0.004419533538132426,4210573.0,0.005850734901189068,285783642.0468432,0.06963711205253145
83,newly floor-bound primarily because of deployed code,620,0.00032635907499310436,5673781.0,0.007883912360242516,311605700.7120403,0.07592919224234382
83,newly floor-bound through other non-code BAL,42585,0.02241613098158282,39707011.0,0.05517424708694,913489590.9893181,0.22259068626509215
83,unaffected,1811980,0.9538001882354923,640610701.0,0.8901504347308298,0.0,0.0
84,already floor-bound under static EIP-8131,36787,0.019364147244792466,29926152.0,0.04158340966055903,2665124784.0,0.6244484605678928
84,within 10% of static floor,8551,0.004501123306880702,4198072.0,0.005833364334997776,286704264.52650064,0.06717585521572458
84,newly floor-bound primarily because of deployed code,642,0.0003379395582993113,5684882.0,0.007899337578648205,316844648.20323735,0.07423785707802233
84,newly floor-bound through other non-code BAL,44497,0.023422580258013168,41430007.0,0.057568408839226246,999292280.1200655,0.23413782713836126
84,unaffected,1809271,0.9523742096320144,638426548.0,0.8871154795865688,0.0,0.0
85,already floor-bound under static EIP-8131,37304,0.01963628860248833,30272086.0,0.04206409676117644,2727644050.0,0.6148370444667989
85,within 10% of static floor,8846,0.0046564070603048405,4333295.0,0.006021261309006655,299770380.4298778,0.06757110947896372
85,newly floor-bound primarily because of deployed code,645,0.00033951871511379405,5693001.0,0.007910619206270562,322649046.4263513,0.07272817950890946
85,newly floor-bound through other non-code BAL,46439,0.024444821102588343,42983395.0,0.059726894486355105,1086305597.7584538,0.24486366654532765
85,unaffected,1806514,0.9509229645195046,636383884.0,0.8842771282371913,0.0,0.0
86,already floor-bound under static EIP-8131,37944,0.019973175389577987,30686290.0,0.042639647357024586,2796101144.0,0.6065802449684045
86,within 10% of static floor,9147,0.004814849127357944,4415859.0,0.006135986805128389,308453671.2990339,0.0669152844844198
86,newly floor-bound primarily because of deployed code,628,0.00033057015983172503,5685117.0,0.007899664119169359,328458511.94328785,0.0712550921357218
86,newly floor-bound through other non-code BAL,48479,0.025518647736436622,44786149.0,0.06223188270198708,1176601257.4622004,0.25524937841145356
86,unaffected,1803550,0.9493627575867957,634092246.0,0.8810928190166906,0.0,0.0
87,already floor-bound under static EIP-8131,38631,0.02033480230009454,31103326.0,0.04321913311353617,2865308721.0,0.5984697346876248
87,within 10% of static floor,9627,0.005067514217675186,4645149.0,0.006454593086385985,326836723.85840386,0.06826555406757212
87,newly floor-bound primarily because of deployed code,616,0.00032425353257379397,5687213.0,0.007902576582711231,334242924.6504699,0.06981246836360795
87,newly floor-bound through other non-code BAL,49984,0.02631085807170214,46175182.0,0.06416199146675695,1261336982.2093177,0.26345224288119545
87,unaffected,1800890,0.9479625718779543,632054791.0,0.8782617057506097,0.0,0.0
88,already floor-bound under static EIP-8131,39228,0.020649054506176608,31440950.0,0.043688273185511904,2928470336.0,0.5891460650377164
88,within 10% of static floor,10333,0.005439142454683463,5111747.0,0.007102946933576146,363859592.3840258,0.07320082585233885
88,newly floor-bound primarily because of deployed code,600,0.0003158313628965526,5683860.0,0.007897917474764716,339999627.14852846,0.06840070735442351
88,newly floor-bound through other non-code BAL,51727,0.02722834818091663,47593770.0,0.066133167912815,1338373823.1151884,0.2692524017555211
88,unaffected,1797860,0.9463676234953268,629835334.0,0.8751776944933323,0.0,0.0
89,already floor-bound under static EIP-8131,39809,0.020954884542581438,31944586.0,0.04438809259790429,3007039529.0,0.5828958926863945
89,within 10% of static floor,10814,0.005692333930605533,5242020.0,0.0072839657136287905,376059964.6045958,0.0728968830166016
89,newly floor-bound primarily because of deployed code,588,0.00030951473563862157,5678859.0,0.00789096841456772,345681274.3254571,0.06700816302535136
89,newly floor-bound through other non-code BAL,53813,0.028326388552586974,49360214.0,0.06858770214409327,1430012709.1374288,0.2771990612716521
89,unaffected,1794724,0.9447168782385874,627439982.0,0.8718492711298059,0.0,0.0
90,already floor-bound under static EIP-8131,40368,0.021249134095680057,32298787.0,0.04488026697719568,3073154400.0,0.5741708657018264
90,within 10% of static floor,11213,0.00590236178693174,5470408.0,0.007601318635098806,400405531.8417759,0.07480951521648008
90,newly floor-bound primarily because of deployed code,619,0.00032583268938827674,5706440.0,0.007929293155478207,351464466.76258683,0.06566564216379928
90,newly floor-bound through other non-code BAL,56289,0.029629719310140083,51326872.0,0.07132044056219045,1527309869.0767233,0.2853539769178943
90,unaffected,1791259,0.9428929521178598,624863154.0,0.8682686806700368,0.0,0.0
91,already floor-bound under static EIP-8131,41058,0.021612340163011095,32665825.0,0.0453902788061469,3141327553.0,0.565764867678795
91,within 10% of static floor,11629,0.0061213381985400165,5870426.0,0.008157157299742276,435929775.7511095,0.07851258671179816
91,newly floor-bound primarily because of deployed code,642,0.0003379395582993113,5714097.0,0.007939932818331316,357307680.02667177,0.06435245255396872
91,newly floor-bound through other non-code BAL,58652,0.03087356849434767,53512106.0,0.07435689779284883,1617790276.0036087,0.2913700930554385
91,unaffected,1787767,0.9410548135858019,621903207.0,0.8641557332829307,0.0,0.0
92,already floor-bound under static EIP-8131,41649,0.021923434055464198,33039257.0,0.04590917531634179,3210592816.0,0.557449833304179
92,within 10% of static floor,11990,0.006311363401882776,6141119.0,0.00853329446269078,464842924.22226095,0.08070989548377736
92,newly floor-bound primarily because of deployed code,669,0.0003521519696296561,5750883.0,0.007991048220932136,363222274.55090326,0.06306567291614028
92,newly floor-bound through other non-code BAL,60979,0.032098467796781466,55583264.0,0.07723484252779986,1720771128.7783093,0.2987745982959031
92,unaffected,1784461,0.9393145827762419,619151138.0,0.8603316394722355,0.0,0.0
93,already floor-bound under static EIP-8131,42447,0.022343489768116613,33491644.0,0.04653778249397396,3288141201.0,0.550566109708652
93,within 10% of static floor,12349,0.00650033583401588,6465887.0,0.008984570683858153,497258635.3301977,0.08326094764103173
93,newly floor-bound primarily because of deployed code,667,0.000351099198420001,5735670.0,0.007969909238173308,369091988.347042,0.06180073413120498
93,newly floor-bound through other non-code BAL,63037,0.033181769371516644,57408055.0,0.07977045190711135,1817799500.5916119,0.3043722085191116
93,unaffected,1781248,0.9376233058279309,616564405.0,0.8567372856768832,0.0,0.0
94,already floor-bound under static EIP-8131,43258,0.022770388493631787,33946724.0,0.04717013168702515,3366783242.0,0.5438960204751758
94,within 10% of static floor,13127,0.006909863834571743,7045621.0,0.00979013086467106,548067307.7101877,0.08853900182746445
94,newly floor-bound primarily because of deployed code,686,0.00036110052491172514,5753094.0,0.007994120480899255,374973229.49327046,0.0605760551383054
94,newly floor-bound through other non-code BAL,64601,0.03400503645746699,58621907.0,0.081457140693003,1900299176.7589746,0.306988922559054
94,unaffected,1778076,0.9359536106894177,614298315.0,0.8535884762744015,0.0,0.0
95,already floor-bound under static EIP-8131,44047,0.023185706735840753,34358060.0,0.04774169709898108,3442219645.0,0.5367790947701258
95,within 10% of static floor,13429,0.007068832287229675,7435314.0,0.010331622589395717,587986616.163118,0.09169052417077467
95,newly floor-bound primarily because of deployed code,706,0.00037162823700827687,5785741.0,0.008039484601725357,380889151.08808017,0.059395783771613836
95,newly floor-bound through other non-code BAL,67001,0.0352683619090532,60353341.0,0.08386302733429989,2001635035.968142,0.3121345972874858
95,unaffected,1774565,0.9341054708308681,611733205.0,0.8500241683755979,0.0,0.0
96,already floor-bound under static EIP-8131,44791,0.02357733762583248,34793092.0,0.04834618891174245,3521044032.0,0.5302187291268726
96,within 10% of static floor,13820,0.007274649058717261,7872845.0,0.010939586847954387,630712536.9630785,0.09497626180011064
96,newly floor-bound primarily because of deployed code,704,0.00037057546579862173,5788553.0,0.00804339197170615,386699437.1558485,0.05823138883224592
96,newly floor-bound through other non-code BAL,69656,0.036665915689870446,62130362.0,0.08633225866809838,2102282690.1512177,0.3165736202407711
96,unaffected,1770777,0.9321115221597812,609080809.0,0.8463385736004987,0.0,0.0
