mechanism,workload,propagation_time_s,execution_time_s,safe_payload_bytes,execution_capacity_gas,transfer_capacity_gas,maximum_candidate_limit,physical_binding_constraint,benchmark,benchmark_label,optimize_floor,match_state_growth,shared_limit,shared_target,minimum_sufficient_floor_rate,floor_rate,cpsb,m_data,m_state,floor_payload_feasible,target_limit_ratio,n_replications,burn_in_blocks,measured_blocks,daily_block_length,m_execution,reference_cpsb,reference_m_state,static_bytes_per_reference_data_gas,equilibrium_fee_wei,equilibrium_floor_bounded,equilibrium_binding_branch,equilibrium_regular_gas,equilibrium_state_gas,equilibrium_execution_gas,equilibrium_data_gas,equilibrium_state_activity_multiple,equilibrium_state_bytes,equilibrium_annual_state_gib,included_execution,included_execution_p05,included_execution_p95,included_data,included_data_p05,included_data_p95,included_state,included_state_p05,included_state_p95,included_execution_metered,included_execution_metered_p05,included_execution_metered_p95,included_data_metered,included_data_metered_p05,included_data_metered_p95,included_state_metered,included_state_metered_p05,included_state_metered_p95,included_regular_metered,included_regular_metered_p05,included_regular_metered_p95,shared_gas_used,shared_gas_used_p05,shared_gas_used_p95,shared_target_utilisation,shared_target_utilisation_p05,shared_target_utilisation_p95,shared_fee_wei,shared_fee_wei_p05,shared_fee_wei_p95,shared_fee_log_return_sd,shared_fee_log_return_sd_p05,shared_fee_log_return_sd_p95,shared_limit_hit_fraction,shared_limit_hit_fraction_p05,shared_limit_hit_fraction_p95,shared_near_limit_fraction,shared_near_limit_fraction_p05,shared_near_limit_fraction_p95,shared_fee_floor_bounded_fraction,shared_fee_floor_bounded_fraction_p05,shared_fee_floor_bounded_fraction_p95,shared_target_deviation,shared_target_deviation_p05,shared_target_deviation_p95,shared_rationed_gas,shared_rationed_gas_p05,shared_rationed_gas_p95,regular_binding_fraction,regular_binding_fraction_p05,regular_binding_fraction_p95,runtime_bal_bytes,runtime_bal_bytes_p05,runtime_bal_bytes_p95,estimated_static_payload_bytes,estimated_static_payload_bytes_p05,estimated_static_payload_bytes_p95,estimated_counted_payload_bytes,estimated_counted_payload_bytes_p05,estimated_counted_payload_bytes_p95,included_state_bytes,included_state_bytes_p05,included_state_bytes_p95,annualized_state_growth_gib,annualized_state_growth_gib_p05,annualized_state_growth_gib_p95,base_fee_burn_eth_per_block,base_fee_burn_eth_per_block_p05,base_fee_burn_eth_per_block_p95,base_fee_exposure_proxy_eth_per_block,base_fee_exposure_proxy_eth_per_block_p05,base_fee_exposure_proxy_eth_per_block_p95,equilibrium_log_rmse,equilibrium_log_rmse_p05,equilibrium_log_rmse_p95,throughput_gap_from_best
shared_fee_8131_8279,full_multiscale_60d,3.0,6.0,5619286.0,600000000.0,533959303.1674208,533959303.1674208,transfer payload,floor_optimized_only,"Floor-optimized only: derived F, CPSB=1530",True,False,533959303.1674208,266979651.5837104,96,96,1530.0,4.032547620151323,5.656315259465248,True,0.5,32,7200,50400,8,1.4479558695732846,1530.0,5.656315259465248,0.11295316038895495,26719.968495497193,False,state,113742390.1831887,266979651.5837113,90550783.97764835,23191606.20554035,9.000550225575381,174496.50430307927,427.0829384294267,65435431.58575786,59876250.934679404,70608105.97583571,6322517.271664839,5377288.911697196,7668161.232984291,47527414.03089394,47307918.23822435,47705920.14557807,94747617.24265933,86698168.98891138,102237421.48716348,25495851.977217663,21684173.603730466,30922225.331007484,268830037.22585773,267588499.824395,269839724.08625585,120243469.21987703,108317840.16602917,130903873.41785629,270982791.181607,270699983.07570785,271311890.94398594,1.014994174927378,1.0139348878085974,1.016226852251012,48450.76665584536,21121.412070890387,91611.90085550204,0.06119752872083828,0.059070907077755724,0.06348000141896529,0.08216331845238095,0.07484623015873015,0.09203075396825397,0.08736793154761904,0.07960912698412698,0.0971795634920635,0.0,0.0,0.0,0.3996311021946536,0.38240019168266476,0.4195465908369337,19234763.780434027,15576071.336708361,23733694.361458182,0.04628038194444445,0.029802579365079365,0.06571527777777778,414276.6341657889,388674.6780718438,436994.92685690254,714148.3074482963,607381.7769006824,866143.0456376412,1128424.9416140853,995124.0673074945,1309213.3055066422,175705.90668356715,174894.44432966996,176365.8327361149,430.04296977484086,428.05690290254785,431.65814916650766,1.2934894874672751e-05,5.6386610572849796e-06,2.4458499285136342e-05,1.7102910412216155e-05,7.853984753099019e-06,3.113334224321774e-05,1.2276050183273164,1.0630373683846333,1.4508287996763565,0.0
shared_fee_8131_8279,full_multiscale_60d,3.5,5.5,6775042.0,550000000.0,643782271.4932127,550000000.0,execution,floor_optimized_only,"Floor-optimized only: derived F, CPSB=1530",True,False,550000000.0,275000000.0,82,82,1530.0,3.0874605142255307,5.656315259465248,True,0.5,32,7200,50400,8,1.4479558695732846,1530.0,5.656315259465248,0.11295316038895495,24459.55889629373,False,state,110791039.63142955,274999999.9999798,91525734.44585241,19265305.185577147,9.270936183153141,179738.56209149005,439.9129573036319,66185368.80421361,60544981.463469975,71454324.69734162,6877473.467882136,5843250.699579572,8356778.609954287,49048127.48106742,48883495.26088839,49187927.43017298,95833493.23993355,87666461.2832373,103462708.85191089,21233927.76971984,18040805.80967271,25801223.984358348,277431671.91935235,276500460.18015045,278222424.5047514,117067421.00965337,105741876.13398647,127395083.95234549,279137002.62575954,278842406.7688773,279472636.7635329,1.0150436459118528,1.013972388250463,1.016264133685574,44137.0199478509,19265.800854634785,83556.85565799817,0.06131445289238449,0.05920693466607508,0.06358014142400575,0.08281622023809523,0.07539682539682539,0.09256150793650794,0.08805741567460318,0.08069742063492064,0.09773412698412698,0.0,0.0,0.0,0.4005336284747381,0.38360360094406953,0.4202727270083095,20004591.812414095,16142917.141848426,24677447.929167464,0.03699156746031746,0.024444444444444446,0.0526031746031746,421580.4362685331,395529.3521160318,444748.91019589826,776832.3636884731,660013.6334624846,943924.5546651545,1198412.7999570062,1054629.3758884722,1396679.0418343022,181327.89014336755,180719.25501970618,181844.72189853032,443.8028627045172,442.3132186679057,445.0678165530205,1.2137212713256007e-05,5.297765316665132e-06,2.2978103943243775e-05,1.5859479844256684e-05,7.264212113803661e-06,2.8879805609093933e-05,1.2316061915662293,1.0654861373912607,1.4550546551870265,0.0
shared_fee_8131_8279,full_multiscale_60d,4.0,5.0,7930799.0,500000000.0,753605334.841629,500000000.0,execution,floor_optimized_only,"Floor-optimized only: derived F, CPSB=1530",True,False,500000000.0,250000000.0,64,64,1530.0,2.161501805529043,5.656315259465248,True,0.5,32,7200,50400,8,1.4479558695732846,1530.0,5.656315259465248,0.11295316038895495,32513.150702776144,False,state,102135178.9179452,250000000.00000274,88423272.13360794,13711906.784337273,8.428123802867203,163398.6928104593,399.9208702760628,63942136.18715669,58489669.972070634,69042417.33812033,6995943.793958072,5941537.30237735,8516300.75587385,44588112.65353063,44453451.29718933,44709582.43488538,92585391.40524773,84690460.94546382,99970373.4342596,15121745.14202009,12842643.60670675,18407999.460249692,252204421.99293405,251442734.90819958,252891493.3707756,107707136.54726765,97655945.05839735,117033150.1752075,253762090.88906035,253493969.63471836,254065432.37979525,1.0150483635562413,1.0139758785388733,1.0162617295191811,58740.027521369426,25630.093408147724,111256.90796758045,0.06130308609811684,0.059210834024498,0.06356133728950689,0.08268663194444444,0.07537103174603174,0.09241765873015872,0.08791604662698413,0.08064484126984127,0.09750892857142857,0.0,0.0,0.0,0.40038797950657545,0.3836659764299102,0.41997199723645806,18168710.93304833,14646274.690602686,22437501.05508343,0.0372984871031746,0.025763888888888888,0.053080357142857144,399957.30824797496,374790.6818232186,422444.54718779336,790213.96143106,671115.4158723875,961943.0851987972,1190171.2696790348,1045007.6846454507,1392319.6713875425,164839.49149864967,164341.65680274484,165288.55775867688,403.4472477235378,402.22878947631773,404.54634445701055,1.4684478489680866e-05,6.407161117939733e-06,2.7814217785336174e-05,1.927386473936777e-05,8.812939681712843e-06,3.516262871026871e-05,1.232126183646736,1.065828529830052,1.4561039926473933,0.0
shared_fee_8131_8279,full_multiscale_60d,4.5,4.5,9086555.0,450000000.0,863428303.1674209,450000000.0,execution,floor_optimized_only,"Floor-optimized only: derived F, CPSB=1530",True,False,450000000.0,225000000.0,50,50,1530.0,1.7634340839660732,5.656315259465248,True,0.5,32,7200,50400,8,1.4479558695732846,1530.0,5.656315259465248,0.11295316038895495,44535.26644046533,False,state,96020993.92837113,225000000.00000715,85115895.78368536,10905098.144685775,7.5853114225806415,147058.82352941643,359.928783248464,61529252.28413194,56287110.936942026,66428968.150289945,6815479.486162893,5789046.80381658,8297756.2082405165,40089293.65995232,39952865.11933651,40206971.661098026,89091641.99526426,81501252.66246794,96186214.34290989,12018648.824471228,10208602.447525047,14632546.118052403,226757683.4699604,225986000.6338491,227423307.34354052,101110290.81973562,91806816.5283023,109745881.88532016,228379813.19311848,228139784.59931943,228651965.88258457,1.0150213919694155,1.0139545982191973,1.0162309594781536,80776.70801658969,35206.54654063713,152988.53976479988,0.06122379448733819,0.05914196955658491,0.06348115410204523,0.08219494047619048,0.07505059523809524,0.09188392857142857,0.08742993551587303,0.08017857142857143,0.0970595238095238,0.0,0.0,0.0,0.3998005932515945,0.3832398350762057,0.41927064995345237,16252843.374281209,13108621.181804985,20096151.343908343,0.04255828373015873,0.030200396825396825,0.06085714285714285,377483.30151882005,353325.8101514582,399064.5194967404,769829.9475281895,653891.1321306612,937257.7878578377,1147313.2490470095,1006323.7856762703,1343989.5539836795,148207.63625487604,147703.26838813667,148642.6845382618,362.7405204603582,361.5060721747793,363.8053079755529,1.8174158222787986e-05,7.921076973775953e-06,3.442245745745315e-05,2.4113309759778426e-05,1.102097379452722e-05,4.407390665884248e-05,1.2307114896681113,1.065000900066923,1.4554737195413283,0.0
shared_fee_8131_8279,full_multiscale_60d,5.0,4.0,10242311.0,400000000.0,973251271.4932127,400000000.0,execution,floor_optimized_only,"Floor-optimized only: derived F, CPSB=1530",True,False,400000000.0,200000000.0,40,40,1530.0,1.5887467517058966,5.656315259465248,True,0.5,32,7200,50400,8,1.4479558695732846,1530.0,5.656315259465248,0.11295316038895495,63308.22922671631,False,state,90847347.7028861,199999999.99998695,81564794.00591955,9282553.69696656,6.742499042293249,130718.95424835748,319.93669622082587,58922486.79370705,53912717.37527607,63592524.20646352,6429167.530112088,5463888.939952822,7819770.809865826,35566915.12189538,35411862.10921818,35692188.2141331,85317160.60280281,78063235.5681768,92079168.68573111,10214319.02963863,8680735.805031892,12423635.473258892,201177684.7360873,200300656.0144548,201886268.83931345,95531479.63244118,86825771.14370641,103591096.43244424,202992452.47631827,202780657.68307975,203234314.01760602,1.0149622623815913,1.0139032884153987,1.01617157008803,115596.5625966631,50303.27616622953,218819.89280442923,0.06108581928468866,0.05901663514432221,0.06334323518254599,0.0813795882936508,0.07434920634920635,0.09094246031746031,0.08656312003968253,0.07915476190476191,0.09644543650793651,0.0,0.0,0.0,0.3989194146981807,0.3825665684752391,0.41824301353682825,14290747.614249192,11541543.732823286,17692332.215721983,0.05254960317460317,0.03772916666666667,0.07550396825396825,354090.7804777848,331058.2653874519,374649.5610597249,726194.791196212,617163.5237819281,883267.8264916427,1080285.5716739967,947325.2998579051,1265154.164203515,131488.68283404398,130915.46144735608,131951.80969889768,321.82061903911415,320.41765068066474,322.9541293240181,2.311859937481557e-05,1.0060203823019369e-05,4.376407164968208e-05,3.114740403346184e-05,1.4237422322694547e-05,5.706503473646238e-05,1.2276050537991638,1.0632620816491116,1.4530212072978452,0.0
shared_fee_8131_8279,full_multiscale_60d,3.0,6.0,5619286.0,600000000.0,533959303.1674208,533959303.1674208,transfer payload,fully_optimized,"Floor- and state-growth-adjusted: derived F, matched CPSB",True,True,525000000.0,262500000.0,94,94,5355.0,3.885833754446056,19.797103408128365,True,0.5,32,7200,50400,8,1.4479558695732846,1530.0,5.656315259465248,0.11295316038895495,338420.7602404324,False,state,79159549.8773173,262499999.9999878,66573079.644873574,12586470.232443724,2.5284371408600164,49019.60784313498,119.97626108281196,48212185.382068366,44081655.50595071,52097483.259044185,3586032.460011994,3041870.642892166,4382112.157609718,13434355.744589135,13414563.841309296,13454427.837505268,69809116.80892122,63828291.83034893,75434856.67492859,13934725.977653846,11820203.620808806,17028159.337808322,265961329.89719033,265569507.5413193,266358699.19626477,83743842.78657499,75723020.20348373,91207933.68685007,266517110.30761364,266228521.88388366,266836205.17878127,1.0153032773623378,1.0142038928909853,1.0165188768715478,601905.6144660412,264135.74180005456,1140880.3659133392,0.06174438019513792,0.0596357559544704,0.06398655471806146,0.08470796130952381,0.07676289682539682,0.09393551587301588,0.0900297619047619,0.08223015873015874,0.09929861111111112,0.0,0.0,0.0,0.4037938116991018,0.38702099340983104,0.42331788779468454,19602726.07425163,15687711.68365423,24113190.872121416,0.015264136904761905,0.009875992063492064,0.021747023809523806,248623.5347152698,229791.92627790637,266007.225436756,405053.69961573347,343588.9026090523,494973.41738087987,653677.2343310033,572557.8821649584,766928.0681393192,49665.981306664864,49592.81186579259,49740.1865912726,121.55827029972826,121.3791869425242,121.73988890076465,0.0001579958993919114,6.93332486493217e-05,0.00029948229086876484,0.00019460956765310716,8.856301971729252e-05,0.0003532767217131424,1.2392112846335817,1.0696834243949338,1.4653792797112657,100020.2443728447
shared_fee_8131_8279,full_multiscale_60d,3.0,6.0,5619286.0,600000000.0,533959303.1674208,533959303.1674208,transfer payload,fully_optimized,"Floor- and state-growth-adjusted: derived F, matched CPSB",True,True,533959303.1674208,266979651.5837104,96,96,5446.384892307692,4.032547620151323,20.134947696262085,True,0.5,32,7200,50400,8,1.4479558695732846,1530.0,5.656315259465248,0.11295316038895495,332742.39829187415,False,state,79711167.87378341,266979651.5837189,66709707.264755495,13001460.609027911,2.528437140860214,49019.607843138816,119.97626108282135,48312205.62644121,44172849.2846086,52205842.90132447,3569644.9199835137,3027966.4353135563,4362001.085609305,13435288.47546886,13415496.219469784,13455226.828946814,69953941.708837,63960336.397424996,75591756.65499435,14394763.126864742,12210418.842621738,17589977.096871264,270518830.7377404,270120314.6984101,270920288.44216746,84348704.83570187,76236863.98058043,91885680.78628157,271066459.7539304,270772733.9171092,271391149.26586044,1.0153075642505982,1.0142073836372862,1.0165237225233505,591620.779532741,259659.42625044342,1121383.8369909222,0.06175368682321127,0.05964447866878108,0.06399544447454868,0.08474950396825397,0.07679365079365079,0.09396428571428571,0.09006696428571428,0.08225,0.09934920634920635,0.0,0.0,0.0,0.40387279056476055,0.38707862232166534,0.42339873428907626,19947482.3493288,15961379.819344098,24534418.90302957,0.014934895833333333,0.009578373015873016,0.0211875,249068.4784434833,230197.4363701274,266490.37594391016,403202.6751785161,342018.3784203443,492701.8082396234,652271.1536219993,571390.1331658033,765150.0260051191,49669.429554971946,49596.25881011821,49743.140413158646,121.56670994168732,121.38762339296812,121.74711842628282,0.0001579463749692799,6.932139071906997e-05,0.0002993878518591043,0.00019417062473050742,8.835658017295017e-05,0.00035241785558382926,1.2392940665081746,1.069723491649197,1.4654842264075438,0.0
shared_fee_8131_8279,full_multiscale_60d,3.5,5.5,6775042.0,550000000.0,643782271.4932127,550000000.0,execution,fully_optimized,"Floor- and state-growth-adjusted: derived F, matched CPSB",True,True,550000000.0,275000000.0,82,82,5610.0,3.0874605142255307,20.73982261803924,True,0.5,32,7200,50400,8,1.4479558695732846,1530.0,5.656315259465248,0.11295316038895495,323037.9984111931,False,state,77604972.67226711,275000000.00002396,66949369.283919476,10655603.388347628,2.5284371408603534,49019.60784314152,119.97626108282797,48492523.43394486,44335329.73984353,52405688.16229741,3823186.806216768,3242356.3955012765,4677078.0419457285,13440955.804081852,13423905.952331586,13459262.276026277,70215033.93660058,64195600.92627376,75881123.77362607,11803938.302702278,10010647.344156872,14440293.776458671,278763039.19353783,278409428.2925756,279142712.17442447,82018972.23930289,74299483.96876854,89249869.1493386,279215781.6559571,278911892.8110233,279550914.3649957,1.015330115112571,1.0142250647673574,1.0165487795090755,573518.6078537854,251879.5391214964,1087237.6765498968,0.06179880163000466,0.059687791098404115,0.06403772431302485,0.08491567460317462,0.07693650793650794,0.09410714285714286,0.09024429563492063,0.08238492063492063,0.09945436507936507,0.0,0.0,0.0,0.4042587361840235,0.3873968126706064,0.4237610945285641,20603303.904057845,16465922.194888348,25338424.10445484,0.01273499503968254,0.008284722222222223,0.01850595238095238,249880.61476913263,230932.79400117084,267400.9198865405,431841.032519539,366234.40197920956,528290.7462235552,681721.6472886716,596335.4733950935,801702.635678919,49690.38131792118,49627.349071760356,49758.05921112736,121.61798971099488,121.4637172972655,121.78363241892559,0.00015771330491418589,6.926451122398045e-05,0.00029899154618622783,0.00019205610648378345,8.721897912617607e-05,0.00034863700007202534,1.2399645139348026,1.0700621248785664,1.4662708836326381,0.0
shared_fee_8131_8279,full_multiscale_60d,4.0,5.0,7930799.0,500000000.0,753605334.841629,500000000.0,execution,fully_optimized,"Floor- and state-growth-adjusted: derived F, matched CPSB",True,True,500000000.0,250000000.0,64,64,5100.0,2.161501805529043,18.854384198217492,True,0.5,32,7200,50400,8,1.4479558695732846,1530.0,5.656315259465248,0.11295316038895495,355341.79825234425,False,state,74101462.14605744,250000000.00001428,66180699.361574434,7920762.784483012,2.528437140860278,49019.60784314005,119.97626108282438,47931252.52850194,43823192.43301533,51798803.341016896,4058812.556272481,3442135.4099594695,4966551.889999106,13436950.009955227,13418758.329193877,13455669.164846962,69402338.43464363,63454048.70682348,75002381.33449762,8773130.668686923,7440181.903502864,10735210.877486741,253345417.93991548,253002425.00162953,253698356.0781059,78175469.10333073,70963531.29957844,84938619.11351986,253827169.03437638,253551813.32502866,254131083.42607835,1.0153086761375056,1.0142072533001145,1.0165243337043135,631802.7511734357,277279.2646886538,1197761.477339723,0.061755299947506684,0.0596463764780745,0.0639960876069246,0.08476190476190476,0.07679166666666666,0.09400793650793651,0.0900657242063492,0.08222123015873016,0.09931150793650795,0.0,0.0,0.0,0.4038986948612562,0.3871440690142614,0.4234084586022548,18687483.59037468,14942169.384016134,22997514.21447381,0.014344618055555557,0.009724206349206349,0.020720238095238094,247386.8163056804,228659.14242559296,264700.71217257937,458455.7056573498,388800.07304165314,560987.7322111363,705842.5219630301,616641.8624077447,831649.4144961298,49675.57214508146,49608.318627770495,49744.77570158939,121.5817440275793,121.41713998632586,121.75112082043375,0.00015794638149225915,6.931744678234737e-05,0.0002994415395478368,0.00019419464340343892,8.819234290068263e-05,0.0003528907556564988,1.2396728076611145,1.069900472812236,1.4658439827915022,0.0
shared_fee_8131_8279,full_multiscale_60d,4.5,4.5,9086555.0,450000000.0,863428303.1674209,450000000.0,execution,fully_optimized,"Floor- and state-growth-adjusted: derived F, matched CPSB",True,True,450000000.0,225000000.0,50,50,4590.0,1.7634340839660732,16.968945778395742,True,0.5,32,7200,50400,8,1.4479558695732846,1530.0,5.656315259465248,0.11295316038895495,394824.2202804984,False,state,71950536.9063426,224999999.9999907,65341240.410287745,6609296.496054844,2.5284371408600292,49019.60784313523,119.97626108281257,47313939.70027158,43261155.942328125,51128492.426257245,4149397.3398001026,3519214.0896641947,5076284.035727986,13428791.982617747,13408117.93152326,13449536.278751055,68508496.70164482,62640244.67121924,74031800.71103221,7317188.696921643,6205902.074487439,8951692.288495455,227872443.02237564,227521626.17033505,228224451.85867622,75825685.3985666,68904223.08833063,82317312.38362876,228436160.34375972,228189701.05312175,228708596.68896636,1.015271823750043,1.0141764491249856,1.0164826519509618,703851.615830305,308538.25600234314,1334378.9341337767,0.06168090782070357,0.059576386959084335,0.0639242613553814,0.08441964285714286,0.07657738095238095,0.09371428571428571,0.08973152281746032,0.08198511904761904,0.09906349206349206,0.0,0.0,0.0,0.40324702684535685,0.3865474418346235,0.42276437855718885,16746964.862058446,13406104.179427942,20627536.50789698,0.017456597222222224,0.012214285714285714,0.024802579365079364,244634.7168747406,226152.64657947767,261702.37988581607,468687.54323994403,397506.35351290985,573382.3248674747,713322.2601146847,622859.6719764789,840982.6614592273,49645.41242317551,49568.98173645644,49722.102801454515,121.50792763392,121.32086232621923,121.6956285407976,0.00015836229995971695,6.941871938411438e-05,0.0003002364232490486,0.00019759636022303936,8.981672369802414e-05,0.00035949362251811974,1.238898809186498,1.0695091287618217,1.4648765082800594,0.0
shared_fee_8131_8279,full_multiscale_60d,5.0,4.0,10242311.0,400000000.0,973251271.4932127,400000000.0,execution,fully_optimized,"Floor- and state-growth-adjusted: derived F, matched CPSB",True,True,400000000.0,200000000.0,40,40,4080.0,1.5887467517058966,15.083507358573994,True,0.5,32,7200,50400,8,1.4479558695732846,1530.0,5.656315259465248,0.11295316038895495,444177.2478155956,False,state,70351606.57577027,199999999.99998647,64415404.01753994,5936202.558230327,2.5284371408599626,49019.60784313394,119.97626108280942,46627399.118345425,42637445.81636592,50379616.91334803,4133131.267950279,3506028.5457128678,5053435.1830215305,13414811.25729956,13390425.395355636,13440287.103059648,67514416.23634417,61737139.9334198,72947462.01653546,6566498.876330068,5570191.463389485,8028628.731981716,202342404.3133415,201974579.98526478,202726669.42032847,74080915.11267433,67359791.5363442,80379263.03502977,203043308.92657512,202825724.13784072,203284120.75501078,1.0152165446328754,1.0141286206892037,1.016420603775054,795179.9465141844,347966.15704881656,1507546.2167335427,0.06156818348533703,0.059470650441017354,0.06381413015294518,0.08388454861111111,0.07620734126984127,0.09333630952380952,0.08921006944444443,0.08172123015873016,0.09858829365079365,0.0,0.0,0.0,0.40225135893322883,0.3855615031905218,0.42180003988827935,14783294.336975146,11855503.262335759,18224756.702311818,0.022739335317460318,0.016293650793650794,0.03191468253968254,241561.8669608452,223358.56353838966,258332.70598625342,466850.2390173926,396017.00465216,570801.4747430189,708412.1059782379,618599.9471646671,834944.3092220413,49593.72654738762,49503.57352580019,49687.90917164914,121.38142564011241,121.16077470202269,121.61193909411683,0.00015903167901240098,6.959082765151494e-05,0.00030151042665616207,0.00020231895263551634,9.208180833401859e-05,0.0003686786623971799,1.237427491768533,1.0687359391182567,1.4630498573009834,0.0
shared_fee_8131_8279,full_multiscale_60d,3.0,6.0,5619286.0,600000000.0,533959303.1674208,533959303.1674208,transfer payload,proposal_faithful,"Proposal-faithful: F=64, CPSB=1530",False,False,359634304.0,179817152.0,64,64,1530.0,2.161501805529043,5.656315259465248,True,0.5,32,7200,50400,8,1.4479558695732846,1530.0,5.656315259465248,0.11295316038895495,86980.77679364083,False,state,89425354.40921809,179817152.00000554,78485084.93699026,10940269.472227827,6.06208487574008,117527.550326801,287.650527673618,56609526.95518505,51824932.58213765,61031781.94668158,5544846.492650914,4721713.323954433,6727992.791304464,31840753.092405237,31613207.23856639,32007885.809127606,81968096.82852739,75040215.32254551,88371326.90021421,11985195.705246333,10205991.874918085,14542568.565990869,180101337.58944395,178814266.5041484,181046692.9253996,93953292.53377353,85341970.3286295,101825050.19536099,182485684.5234608,182299407.30472785,182705555.35029042,1.014840255747465,1.0138043299936583,1.0160630024342194,160818.28462849784,69840.85407334182,303755.10707902984,0.06082416312595653,0.058765176846273144,0.06309385124747645,0.07991753472222221,0.07307738095238095,0.08953373015873016,0.08496155753968254,0.07725793650793651,0.09500992063492064,0.0,0.0,0.0,0.39733759263558033,0.3809924879801629,0.416718156834223,12563392.258356906,10172581.873649001,15562774.234042816,0.07510478670634921,0.05173214285714286,0.10838690476190475,334088.94521165115,312197.53735734563,353623.0183386848,626307.935216533,533332.4423912907,759948.0488519458,960396.880428184,844610.3909801766,1117963.350438118,117713.29254212024,116872.0696105545,118331.17184666642,288.1051346666105,286.04622831245626,289.61740398131246,2.891704525246963e-05,1.2558057924266555e-05,5.4620536783869e-05,3.982004517765663e-05,1.823937232889731e-05,7.310984301472536e-05,1.2194423167951107,1.0587429900085779,1.4446010848789603,0.0
shared_fee_8131_8279,full_multiscale_60d,3.5,5.5,6775042.0,550000000.0,643782271.4932127,550000000.0,execution,proposal_faithful,"Proposal-faithful: F=64, CPSB=1530",False,False,433602688.0,216801344.0,64,64,1530.0,2.161501805529043,5.656315259465248,True,0.5,32,7200,50400,8,1.4479558695732846,1530.0,5.656315259465248,0.11295316038895495,49755.90583132637,False,state,96416784.6836919,216801344.00000364,83980404.31904954,12436380.364642369,7.308914271440045,141700.22483660368,346.8135286780023,60678424.34747968,55518757.504789926,65486702.36932788,6331279.390597401,5381632.790273157,7693573.284298323,38575139.38587348,38406575.66760916,38709775.49546135,87859680.6903917,80388710.80047664,94821855.07466719,13685071.834085131,11632408.992869725,16629672.544980936,218193149.54430205,217239700.01249224,218954693.8254384,101544752.52447677,92131888.4626484,110236326.50391057,220049409.74844614,219819663.36667597,220312556.6664849,1.014981760207382,1.0139220509937243,1.016195529980132,90609.38207634162,39454.94211407393,171490.86674691775,0.061131139366878445,0.059047620693184304,0.06339496713627454,0.08169394841269842,0.07457440476190476,0.09137003968253968,0.08686135912698412,0.07938888888888888,0.09672222222222222,0.0,0.0,0.0,0.3991885932378997,0.3826211625642784,0.41867014974480826,15543287.914566241,12562609.605629569,19226550.855596635,0.049780505952380955,0.03482142857142857,0.0720109126984127,369749.61454132374,346007.1195943836,390902.4798393711,715138.0164734332,607872.4317141831,869013.4171455274,1084887.6310147569,952973.8265969884,1267010.2207699006,142609.90166294255,141986.73203430866,143107.64302316235,349.03997701612576,347.51475955002303,350.25820682278896,1.964361338624243e-05,8.553482008860908e-06,3.717952050107899e-05,2.6306446905446964e-05,1.203996943975276e-05,4.81028821575989e-05,1.2280374897908446,1.0634641797766875,1.4527978898191285,0.0
shared_fee_8131_8279,full_multiscale_60d,4.0,5.0,7930799.0,500000000.0,753605334.841629,500000000.0,execution,proposal_faithful,"Proposal-faithful: F=64, CPSB=1530",False,False,500000000.0,250000000.0,64,64,1530.0,2.161501805529043,5.656315259465248,True,0.5,32,7200,50400,8,1.4479558695732846,1530.0,5.656315259465248,0.11295316038895495,32513.150702776144,False,state,102135178.9179452,250000000.00000274,88423272.13360794,13711906.784337273,8.428123802867203,163398.6928104593,399.9208702760628,63942136.18715669,58489669.972070634,69042417.33812033,6995943.793958072,5941537.30237735,8516300.75587385,44588112.65353063,44453451.29718933,44709582.43488538,92585391.40524773,84690460.94546382,99970373.4342596,15121745.14202009,12842643.60670675,18407999.460249692,252204421.99293405,251442734.90819958,252891493.3707756,107707136.54726765,97655945.05839735,117033150.1752075,253762090.88906035,253493969.63471836,254065432.37979525,1.0150483635562413,1.0139758785388733,1.0162617295191811,58740.027521369426,25630.093408147724,111256.90796758045,0.06130308609811684,0.059210834024498,0.06356133728950689,0.08268663194444444,0.07537103174603174,0.09241765873015872,0.08791604662698413,0.08064484126984127,0.09750892857142857,0.0,0.0,0.0,0.40038797950657545,0.3836659764299102,0.41997199723645806,18168710.93304833,14646274.690602686,22437501.05508343,0.0372984871031746,0.025763888888888888,0.053080357142857144,399957.30824797496,374790.6818232186,422444.54718779336,790213.96143106,671115.4158723875,961943.0851987972,1190171.2696790348,1045007.6846454507,1392319.6713875425,164839.49149864967,164341.65680274484,165288.55775867688,403.4472477235378,402.22878947631773,404.54634445701055,1.4684478489680866e-05,6.407161117939733e-06,2.7814217785336174e-05,1.927386473936777e-05,8.812939681712843e-06,3.516262871026871e-05,1.232126183646736,1.065828529830052,1.4561039926473933,0.0
shared_fee_8131_8279,full_multiscale_60d,4.5,4.5,9086555.0,450000000.0,863428303.1674209,450000000.0,execution,proposal_faithful,"Proposal-faithful: F=64, CPSB=1530",False,False,450000000.0,225000000.0,50,64,1530.0,2.161501805529043,5.656315259465248,True,0.5,32,7200,50400,8,1.4479558695732846,1530.0,5.656315259465248,0.11295316038895495,44535.26644046533,False,state,97872676.92324537,225000000.00000715,85115895.78368536,12756781.139560016,7.5853114225806415,147058.82352941643,359.928783248464,61514194.244159505,56279079.695890896,66398454.1366672,6498603.936558321,5522435.788985322,7899440.423009887,40062076.93841502,39903302.658567466,40191712.82367155,89069838.6179019,81489623.77984828,96142031.3977799,14046744.14228895,11936754.928810053,17074654.73700483,226603737.11261642,225705659.73070335,227336998.5485666,103116582.7601907,93540262.88622957,111972101.9244565,228375167.37758636,228136022.6173076,228648230.2061318,1.0150007439003839,1.013937878299145,1.016214356471697,80914.76994925336,35252.963928533856,153181.89742749828,0.06118085327052285,0.059094569742564405,0.06344321515716013,0.08195808531746031,0.07475297619047619,0.09168353174603175,0.08716951884920635,0.07978174603174602,0.09687599206349207,0.0,0.0,0.0,0.3995121137692181,0.38290062678650066,0.4190282047025519,16194789.137400769,13079796.831574531,20024133.200321846,0.04606212797619048,0.03219444444444445,0.06648611111111111,377346.4878368638,353235.54875621357,398822.90164619434,734037.8527503662,623776.5754109641,892266.7610832299,1111384.34058723,976108.2683766261,1298594.8137433894,148107.01772066433,147520.0390396754,148586.27356115464,362.4942550155389,361.0576154629392,363.66724122195916,1.8205221858931135e-05,7.931523754153933e-06,3.446596725223885e-05,2.4250393655915014e-05,1.1096479030807863e-05,4.431387443210023e-05,1.229259718342402,1.0641684945627194,1.4539439816648612,0.0
shared_fee_8131_8279,full_multiscale_60d,5.0,4.0,10242311.0,400000000.0,973251271.4932127,400000000.0,execution,proposal_faithful,"Proposal-faithful: F=64, CPSB=1530",False,False,400000000.0,200000000.0,40,64,1530.0,2.161501805529043,5.656315259465248,True,0.5,32,7200,50400,8,1.4479558695732846,1530.0,5.656315259465248,0.11295316038895495,63308.22922671631,False,state,93332376.27653272,199999999.99998695,81564794.00591955,11767582.270613175,6.742499042293249,130718.95424835748,319.93669622082587,58895373.03587954,53898253.99714342,63538241.97413843,5980897.8354590405,5087187.539660841,7263487.04576304,35522052.71588774,35330147.38383136,35669168.5611552,85277901.07800992,78042293.23491555,92000570.40882206,12927721.470029492,10995965.052041827,15700040.36385374,200923928.824409,199838451.76632637,201756062.4249061,98205622.54803947,89142448.7690534,106543086.14232093,202985159.5124051,202775076.1532325,203228768.56923294,1.0149257975620256,1.0138753807661627,1.0161438428461647,115952.90777771476,50430.79300353097,219305.92777169115,0.061012333778740636,0.058936400495442416,0.06327942856737612,0.08096292162698412,0.07406944444444444,0.09054662698412698,0.08615327380952381,0.07861904761904762,0.09613690476190476,0.0,0.0,0.0,0.39844636631948993,0.38197146593966946,0.41786582889136475,14198755.431741074,11488740.736445002,17576817.287294317,0.05916790674603174,0.04111904761904762,0.08551686507936508,353854.9856466438,330911.1201985515,374307.4834292506,675561.3124785584,574613.910096004,820433.8172631693,1029416.2981252023,904614.2436933444,1200750.7707139102,131322.82929699938,130613.36716753358,131866.70746725888,321.41468989896987,319.6782701800375,322.74584027375687,2.3189865833110667e-05,1.0085701117148761e-05,4.386128041505357e-05,3.1425168584055486e-05,1.4389123999121383e-05,5.75528402401188e-05,1.2248700994173995,1.0616974305327451,1.4497633030902193,0.0
shared_fee_8131_8279,full_multiscale_60d,3.0,6.0,5619286.0,600000000.0,533959303.1674208,533959303.1674208,transfer payload,state_matched_64,"State-matched 64: F=64, matched CPSB",False,True,350000000.0,175000000.0,64,64,3570.0,2.161501805529043,13.198068938752245,True,0.5,32,7200,50400,8,1.4479558695732846,1530.0,5.656315259465248,0.11295316038895495,507631.14036054903,False,state,70679917.35061637,175000000.0000034,63381633.9279308,7298283.42268556,2.5284371408601825,49019.607843138205,119.97626108281985,45841357.68557389,41928863.62562861,49507811.18986781,3726712.1694564223,3163606.2891503973,4545481.074108108,13382657.745904505,13346457.27097856,13416378.428989917,66376262.930035084,60711144.191266775,71685125.80209531,8055295.082967113,6838140.7059816215,9825065.548682816,176625239.51415896,176147463.15047106,177070287.41418073,74431558.01300229,67614130.61149786,80785544.06672138,177644604.2300746,177456873.34430188,177854143.35484695,1.015112024171855,1.0140392762531536,1.0163093905991256,916492.6160710745,399927.88632374693,1736635.273502786,0.061355310349743064,0.059269130089793814,0.06360738629547494,0.08281249999999998,0.07552678571428571,0.09249305555555556,0.08804501488095239,0.08077380952380953,0.0975922619047619,0.0,0.0,0.0,0.4005488890264458,0.3839128316566178,0.4200569372912567,12747290.980679974,10260511.713507729,15746967.724571768,0.03507750496031746,0.02489186507936508,0.04941170634920635,238003.3417058838,220143.7106662835,254338.24843797358,420943.9174000815,357339.3285859114,513426.45280869235,658947.2591059653,576708.6889173192,773396.7152762357,49474.85700676721,49341.02609256893,49599.52028408424,121.09049057009094,120.7629373029537,121.3956059017902,0.00016038188579865006,6.998493905762449e-05,0.0003039124196695345,0.00021016351403797774,9.59281513525224e-05,0.0003837715170052084,1.233442141972453,1.06660052644009,1.4580595384028825,159016.33381704986
shared_fee_8131_8279,full_multiscale_60d,3.0,6.0,5619286.0,600000000.0,533959303.1674208,533959303.1674208,transfer payload,state_matched_64,"State-matched 64: F=64, matched CPSB",False,True,359634304.0,179817152.0,64,64,3668.2699008,2.161501805529043,13.561366676949092,True,0.5,32,7200,50400,8,1.4479558695732846,1530.0,5.656315259465248,0.11295316038895495,494032.12416077335,False,state,70934409.00786011,179817152.00000036,63590505.69486087,7343903.312999236,2.5284371408601385,49019.60784313735,119.97626108281777,46000374.01939094,42072238.72101439,49684083.68791472,3751673.681043147,3184301.4472557018,4577812.389620717,13389340.27467749,13356266.662827624,13421407.441127699,66606511.563943505,60918745.00218145,71940360.60028651,8109249.435330538,6882873.327591932,9894949.745538408,181577753.02732736,181129229.64970165,182012627.62984607,74715760.99927396,67866930.48474464,81104900.4465083,182538284.24712357,182344862.60599175,182753407.1821104,1.0151327735805955,1.014057116231002,1.0163291162686772,890377.4359276632,388735.4957718778,1687324.1736716793,0.06139750569389514,0.059308864822356956,0.06364867597745837,0.08304563492063491,0.0757142857142857,0.0926845238095238,0.08828559027777777,0.08097321428571429,0.09784126984126984,0.0,0.0,0.0,0.400858847249031,0.3841926480438433,0.4203907025669296,13137313.339804413,10567924.567280026,16220666.714510432,0.032475198412698414,0.023131944444444445,0.04550496031746032,238723.69566568386,220793.47716842726,255146.2728290937,423763.39902188757,359676.9120986546,517078.3770753739,662487.0946875715,579696.6674145922,777888.4519116795,49499.56190184581,49377.290806818724,49618.11223055086,121.15095618930718,120.85169576138222,121.44110998314588,0.00016010081377368932,6.989887213415634e-05,0.0003034110685078813,0.0002086775573481467,9.521884660260162e-05,0.0003808576554018112,1.23427164090517,1.0670732471183102,1.459117887827415,0.0
shared_fee_8131_8279,full_multiscale_60d,3.5,5.5,6775042.0,550000000.0,643782271.4932127,550000000.0,execution,state_matched_64,"State-matched 64: F=64, matched CPSB",False,True,425000000.0,212500000.0,64,64,4335.0,2.161501805529043,16.02622656848487,True,0.5,32,7200,50400,8,1.4479558695732846,1530.0,5.656315259465248,0.11295316038895495,418049.17441461334,False,state,72521099.91512787,212499999.99999672,64890295.112177975,7630804.802949905,2.528437140860094,49019.6078431365,119.97626108281568,46976611.693066865,42955745.82757974,50757750.941094875,3905919.4144505085,3313277.6675562654,4774662.96946728,13419533.95832016,13395967.632941542,13443883.525314713,68020060.63364121,62198024.30294247,73494983.40149736,8442651.866585694,7161655.660641983,10320442.62929613,215064491.6594966,214686812.38959214,215454723.33699414,76462712.50022672,69427201.84536251,83050071.81321962,215737815.80903023,215506196.2960427,215994182.94606474,1.0152367802777893,1.0141468060990244,1.016443213863834,747192.4745274038,327184.5667474817,1416452.5797617682,0.06160926789915284,0.05950902476504531,0.06385488654324517,0.08408420138888888,0.0763531746031746,0.09347718253968254,0.08941220238095238,0.08185813492063491,0.09878174603174604,0.0,0.0,0.0,0.4026088110486718,0.38588304849659366,0.422145376755693,15745314.066947805,12623263.066967739,19399455.987463098,0.020908358134920632,0.014634920634920636,0.029073412698412696,243118.92665988614,224777.16498821325,260022.28267067557,441185.9420867613,374245.1837966254,539313.2721934416,684304.8687466474,598235.7464358343,805162.2433870914,49611.18608062205,49524.06283496935,49701.204922028635,121.42415812227387,121.21092260843092,121.64448065226082,0.00015877408303043602,6.952431745629763e-05,0.00030099737386557533,0.0002006172785560644,9.133642819920401e-05,0.0003651939570163553,1.2378382719293526,1.0689914273236942,1.4636176763780369,117291.37567774206
shared_fee_8131_8279,full_multiscale_60d,3.5,5.5,6775042.0,550000000.0,643782271.4932127,550000000.0,execution,state_matched_64,"State-matched 64: F=64, matched CPSB",False,True,433602688.0,216801344.0,64,64,4422.7474176,2.161501805529043,16.350623337863656,True,0.5,32,7200,50400,8,1.4479558695732846,1530.0,5.656315259465248,0.11295316038895495,409755.0685067893,False,state,72714015.57298979,216801344.00001404,65048039.09721432,7665976.475775467,2.5284371408602975,49019.60784314043,119.9762610828253,47093903.06874461,43062191.548320405,50886051.36854557,3924584.818616966,3328975.9884787593,4798234.761234832,13422177.804104906,13399389.350885907,13445527.755145565,68189893.3695041,62352153.00907983,73680756.75849341,8482997.171392452,7195587.609659687,10371393.099761331,219460973.64873394,219088368.23369804,219842759.9031563,76672890.5408965,69615485.2632465,83282638.21965638,220106893.759323,219870284.7811192,220368710.47246155,1.0152469062153184,1.0141555431553007,1.0164545403946461,731802.7902176398,320547.8992684528,1387283.2455907415,0.06162999899299293,0.05952870802582578,0.06387499976745108,0.08418588789682539,0.07641269841269842,0.09356249999999999,0.08951450892857143,0.08189980158730159,0.09887400793650794,0.0,0.0,0.0,0.4027914440569722,0.38606543082247496,0.422321386468848,16084853.684125882,12890710.063552495,19815894.470834143,0.01990141369047619,0.013913690476190475,0.02758531746031746,243644.54445219273,225254.71500814694,260600.95778315308,443294.25847729977,376018.35875762114,541975.7805696169,686938.8029294924,600482.2993398947,808420.7714288854,49620.96021477625,49536.712714330446,49707.28353789957,121.44808046932516,121.24188338710033,121.65935816019781,0.00015865150875818092,6.949281195674382e-05,0.00030076606445745424,0.00019975764866917795,9.091898954123853e-05,0.00036353632280092333,1.2381284258865588,1.0691414320743744,1.4639776814943228,0.0
shared_fee_8131_8279,full_multiscale_60d,4.0,5.0,7930799.0,500000000.0,753605334.841629,500000000.0,execution,state_matched_64,"State-matched 64: F=64, matched CPSB",False,True,500000000.0,250000000.0,64,64,5100.0,2.161501805529043,18.854384198217492,True,0.5,32,7200,50400,8,1.4479558695732846,1530.0,5.656315259465248,0.11295316038895495,355341.79825234425,False,state,74101462.14605744,250000000.00001428,66180699.361574434,7920762.784483012,2.528437140860278,49019.60784314005,119.97626108282438,47931252.52850194,43823192.43301533,51798803.341016896,4058812.556272481,3442135.4099594695,4966551.889999106,13436950.009955227,13418758.329193877,13455669.164846962,69402338.43464363,63454048.70682348,75002381.33449762,8773130.668686923,7440181.903502864,10735210.877486741,253345417.93991548,253002425.00162953,253698356.0781059,78175469.10333073,70963531.29957844,84938619.11351986,253827169.03437638,253551813.32502866,254131083.42607835,1.0153086761375056,1.0142072533001145,1.0165243337043135,631802.7511734357,277279.2646886538,1197761.477339723,0.061755299947506684,0.0596463764780745,0.0639960876069246,0.08476190476190476,0.07679166666666666,0.09400793650793651,0.0900657242063492,0.08222123015873016,0.09931150793650795,0.0,0.0,0.0,0.4038986948612562,0.3871440690142614,0.4234084586022548,18687483.59037468,14942169.384016134,22997514.21447381,0.014344618055555557,0.009724206349206349,0.020720238095238094,247386.8163056804,228659.14242559296,264700.71217257937,458455.7056573498,388800.07304165314,560987.7322111363,705842.5219630301,616641.8624077447,831649.4144961298,49675.57214508146,49608.318627770495,49744.77570158939,121.5817440275793,121.41713998632586,121.75112082043375,0.00015794638149225915,6.931744678234737e-05,0.0002994415395478368,0.00019419464340343892,8.819234290068263e-05,0.0003528907556564988,1.2396728076611145,1.069900472812236,1.4658439827915022,0.0
shared_fee_8131_8279,full_multiscale_60d,4.5,4.5,9086555.0,450000000.0,863428303.1674209,450000000.0,execution,state_matched_64,"State-matched 64: F=64, matched CPSB",False,True,450000000.0,225000000.0,50,64,4590.0,2.161501805529043,16.968945778395742,True,0.5,32,7200,50400,8,1.4479558695732846,1530.0,5.656315259465248,0.11295316038895495,394824.2202804984,False,state,73072793.8330985,224999999.9999907,65341240.410287745,7731553.422810756,2.5284371408600292,49019.60784313523,119.97626108281257,47311425.02465351,43259708.01803644,51123660.93024812,3959291.185826384,3358188.7254866236,4841971.452064113,13426665.966960244,13405219.723887766,13448303.483880514,68504855.56232345,62638148.14074203,74024804.91802691,8558015.046778966,7258730.993446661,10465930.03595663,227836366.7779593,227472446.64211246,228203532.62935817,77062870.60910241,69965037.53455214,83713485.82508487,228434560.8727523,228188395.6370304,228706753.14835906,1.0152647149900103,1.0141706472756906,1.0164744584371515,704202.7179403005,308630.8964745652,1334968.7490276187,0.061666191951045404,0.059562921361231404,0.06391024941826853,0.08435763888888889,0.07654662698412698,0.0936656746031746,0.08966145833333333,0.08198511904761904,0.0990436507936508,0.0,0.0,0.0,0.40311277147233776,0.38639299162713453,0.4226290750387821,16730351.962812576,13399218.759644344,20606524.192044362,0.01822606646825397,0.012696428571428572,0.025612103174603173,244618.2991321027,226139.8327130391,261670.94998990232,447214.45233922324,379318.0297262708,546915.9780237388,691832.7514713259,604659.6620998967,814462.2501836235,49637.55267493666,49558.2672422903,49717.545235154284,121.48869077650231,121.2946384332505,121.68447382560507,0.00015844129421224338,6.943955373562392e-05,0.00030036915423299593,0.00019821866902397986,9.01689719860104e-05,0.00036057295700980227,1.2386136845035693,1.069385223295127,1.4645672236791465,0.0
shared_fee_8131_8279,full_multiscale_60d,5.0,4.0,10242311.0,400000000.0,973251271.4932127,400000000.0,execution,state_matched_64,"State-matched 64: F=64, matched CPSB",False,True,400000000.0,200000000.0,40,64,4080.0,2.161501805529043,15.083507358573994,True,0.5,32,7200,50400,8,1.4479558695732846,1530.0,5.656315259465248,0.11295316038895495,444177.2478155956,False,state,71940784.88356473,199999999.99998647,64415404.01753994,7525380.866024785,2.5284371408599626,49019.60784313394,119.97626108280942,46622153.86652689,42634420.604368776,50369323.171016894,3849701.478376771,3266048.9826049022,4703443.966074512,13410414.471507587,13384544.151551712,13437311.079414029,67506821.34318647,61732759.55995224,72932557.1319081,8321136.6962592285,7059570.772846773,10166502.624874784,202276085.36249393,201885870.20107207,202681780.54577053,75827958.03944573,68859239.72169346,82346269.18640427,203040650.819862,202823552.4409966,203281167.77430958,1.0152032540993101,1.014117762204983,1.016405838871548,795955.2737333064,348187.4215160777,1508806.4977454473,0.06154085648799744,0.05944458497904469,0.06378811635913076,0.08375372023809524,0.07615674603174603,0.09324404761904762,0.08906808035714285,0.08164583333333333,0.09853373015873015,0.0,0.0,0.0,0.40201600760556194,0.38530351086227,0.42156486054538495,14754430.632427925,11842427.614966867,18182989.634720888,0.024459325396825396,0.017237103174603176,0.03425099206349206,241527.69221692247,223332.569645785,258265.99177195498,434835.94853668835,368910.55457035464,531268.8606804769,676363.6407536109,591469.7710290145,795306.4752994976,49577.47190257204,49481.83093163531,49676.906996512385,121.34164214130429,121.10755936087817,121.58501109744844,0.00015918673856884537,6.963507023573405e-05,0.00030176251803537595,0.0002033480970553561,9.265897279439692e-05,0.0003704744732222362,1.2368040495374735,1.068437201581849,1.462311989943572,0.0
