data_limit,data_target,target_ratio,headroom,supported_execution_target,data_limit_hit_fraction,data_limit_hit_ci95,longest_data_limit_run,rationed_data,included_execution,execution_fill,data_fee_sd
90000000.0,22500000.0,0.25,67500000.0,152200000.0,0.00026372354497354497,6.057662568143043e-05,1.375,15475.485269108662,150640162.42790735,0.9897513957155541,0.025427648111967165
90000000.0,29970000.0,0.333,60030000.0,182080000.0,0.0010416666666666667,0.00010061076724832771,1.75,38589.67506316247,179839893.36860546,0.9876971296606187,0.03414436678735864
90000000.0,36000000.0,0.4,54000000.0,202280000.0,0.004465939153439153,0.00022419593809895537,2.5416666666666665,93948.54086379103,199926063.60713148,0.9883629800629399,0.04101231989526253
90000000.0,45000000.0,0.5,45000000.0,232400000.0,0.028816964285714286,0.0005209901031465121,4.416666666666667,459498.3585779226,229035226.66607332,0.9855216293720883,0.04992220682168877
90000000.0,52470000.0,0.583,37530000.0,251622800.0,0.0772441302910053,0.0008600664711963182,7.25,1445240.916186454,248735812.93560585,0.9885265283416521,0.05534233835146327
90000000.0,60030000.0,0.667,29970000.0,271052800.0,0.1597594246031746,0.0013015080447013178,10.8125,3728802.5985252825,268340910.5963813,0.9899949773489937,0.058896719288982546
90000000.0,67500000.0,0.75,22500000.0,284200000.0,0.2832175925925926,0.0016973517244947677,15.375,8446821.515826115,282562095.8172866,0.9942367903493547,0.06282822434300195
90000000.0,76950000.0,0.855,13050000.0,299363000.0,0.5287127976190477,0.0017886451515673574,27.25,23325081.20178165,298220999.95688933,0.996185233168058,0.09274694597044793
90000000.0,84960000.0,0.944,5040000.0,307426400.0,0.7986921296296297,0.0024265427802372605,58.729166666666664,63410902.65138521,306332754.5971407,0.9964425781167159,0.09328135039653902
