mechanism,design,is_central,gas_limit,gas_target,included_execution,state_gas,shared_fee_wei,fee_sd,limit_hit_fraction,rationed,regular_binding_fraction,cost_execution_heavy,cost_data_heavy,cost_state_creating,cost_mixed
glamsterdam,G100M,False,100000000.0,50000000.0,43228849.1098458,34792945.73263581,33209572.63824963,0.0534150038298327,0.04258618551587301,1688867.8825887535,0.7971608382936508,10345350678687.748,8581090739296.002,11795732582965.535,9314825111741.3
glamsterdam,G150M,False,150000000.0,75000000.0,56244404.783431225,70629513.15268242,4508551.892847221,0.05823773639423757,0.07256386408730159,5807381.926087246,0.5534474206349207,1404491135512.0742,1164974127092.106,1601395869912.4033,1264586354258.3535
glamsterdam,G200M,True,200000000.0,100000000.0,65103982.674650595,105187057.3417725,1480772.1924032737,0.06099204226087704,0.09359312996031746,10609833.276632853,0.3435751488095238,461285900078.61584,382619815245.79156,525956566443.826,415336088567.42053
glamsterdam,G300M,False,300000000.0,150000000.0,77254166.86869346,168264394.43262047,382677.20724950393,0.06337510352568297,0.10733196924603175,19137921.79908687,0.1437686011904762,119210504418.75395,98880761732.12245,135923399300.60435,107335655854.63632
glamsterdam,G450M,False,450000000.0,225000000.0,90153567.06338963,257605078.60601625,108966.65500248017,0.06451282792843002,0.11232700892857142,30455723.057173073,0.05601004464285714,33944979375.791763,28156121258.148438,38703946505.74661,30563637340.834232
glamsterdam,G600M,False,600000000.0,300000000.0,100243797.68742731,345297405.6801784,45621.50402219742,0.06489354335351541,0.11357266865079366,41239338.128226176,0.02957093253968254,14211879891.980206,11788235577.194328,16204335639.619692,12796199937.000134
eip7999,E200_D45,False,,,199957794.04509026,74996979.05220458,,0.05026043671405723,0.02975260416666667,488659.00122788816,,26163979.728007887,96082762.32645272,1296066189319.1267,324046276025.33295
eip7999,E225_D45,True,,,223387761.9126407,74996979.0519155,,0.04989124488310378,0.028565848214285715,454563.62904717715,,7120717.30088859,102444682.4640441,1296058682356.8665,324036741237.3934
eip7999,E250_D60,False,,,249550320.54910666,74996979.05385515,,0.059059005554301734,0.1604644097222222,3737232.552973178,,4008481.896272897,19146615.59029407,1296056525995.3457,324019497133.1139
