design,window_days,lambda_bal,rho_A,eps_execution,eps_data,eps_state,execution_target,execution_limit,data_target,data_limit,state_target,no_bal_execution_ceiling,regime,execution_fill,execution_fill_ci95,data_fill,state_fill,included_execution,included_data,included_state,execution_floor_bounded_fraction,mean_execution_fee_wei,mean_data_fee_wei,mean_state_fee_wei,data_limit_hit_fraction,any_limit_hit_fraction,rationed_execution,rationed_data,fee_sd_execution,fee_sd_data,fee_sd_state,sensitivity,is_central,setting,setting_order,central_execution_fill,central_data_limit_hit_fraction,central_execution_floor_bounded_fraction,central_rationed_data,central_fee_sd_data,delta_execution_fill,delta_data_limit_hit_fraction,delta_execution_floor_bounded_fraction,delta_rationed_data,delta_fee_sd_data
E200_D45,21,0.0,1.0,0.1170668159071278,0.2017901574997101,0.4784376616162406,200000000.0,400000000.0,45000000.0,90000000.0,75000000.0,304894385.26551247,capacity_constrained,0.9966204059024726,0.0014350193587010682,0.9996455001484025,0.9999750212835733,199324081.18049452,44984047.50667811,74998126.596268,0.02226934523809524,64.49216021825397,295.3912710813492,3983385.981816096,0.05438368055555556,0.07365823412698413,3932371.5768816196,1687625.0769741046,0.06342062592076389,0.07111467099920475,0.15122705015306315,elasticity_window,False,21 days,21.0,0.9938247045035515,0.054249131944444445,0.03755704365079365,1675586.366186551,0.05524965660661701,0.0027957013989210466,0.00013454861111111133,-0.015287698412698413,12038.710787553573,0.015865014392587744
E200_D45,35,0.0,1.0,0.1211596378167212,0.2294762749968381,0.3348638470580465,200000000.0,400000000.0,45000000.0,90000000.0,75000000.0,328281194.05229217,capacity_constrained,0.9938247045035515,0.0025855445055671215,0.9999502046986487,0.9999635425432623,198764940.90071028,44997759.21143919,74997265.69074467,0.03755704365079365,88.99118489583333,918.6470331101191,3343343.9587258184,0.054249131944444445,0.07337549603174603,3908055.866321873,1675586.366186551,0.06032107014587153,0.05524965660661701,0.14992494489389743,elasticity_window,True,35 days,35.0,0.9938247045035515,0.054249131944444445,0.03755704365079365,1675586.366186551,0.05524965660661701,0.0,0.0,0.0,0.0,0.0
E200_D45,60,0.0,1.0,0.0816682106235291,0.2046910570850992,0.279675525753271,200000000.0,400000000.0,45000000.0,90000000.0,75000000.0,160896940.00019467,demand_constrained,0.7312484628264511,0.010513332702920639,0.9994081837321235,0.9999555381207907,146249692.5652902,44973368.26794556,74996665.3590593,0.8276469494047618,1.005313740079365,248.55112413194445,3775603.7710137656,0.05995039682539682,0.060585937500000006,2565206.954753982,1925393.8232806125,0.009909912142900983,0.07625388705693933,0.14977839981311536,elasticity_window,False,60 days,60.0,0.9938247045035515,0.054249131944444445,0.03755704365079365,1675586.366186551,0.05524965660661701,-0.2625762416771005,0.005701264880952378,0.7900899057539681,249807.45709406142,0.021004230450322327
E200_D45,75,0.0,1.0,0.0785108223582338,0.2013910565486362,0.253555905620326,200000000.0,400000000.0,45000000.0,90000000.0,75000000.0,151980206.51826182,demand_constrained,0.7007273975232842,0.010171971355917415,0.9989200344027691,0.9999504186846722,140145479.50465682,44951401.54812461,74996281.40135041,0.8536805555555556,1.0019053819444443,208.51502356150797,4471293.111918403,0.06056671626984127,0.06084945436507937,2481222.146533897,1953359.9646916736,0.006095355646549467,0.08357304412474761,0.14976715668298057,elasticity_window,False,75 days,75.0,0.9938247045035515,0.054249131944444445,0.03755704365079365,1675586.366186551,0.05524965660661701,-0.29309730698026737,0.006317584325396822,0.8161235119047618,277773.5985051226,0.028323387518130606
E200_D45,35,0.0,1.0,0.1211596378167212,0.2294762749968381,0.3348638470580465,200000000.0,400000000.0,45000000.0,90000000.0,75000000.0,328281194.05229217,capacity_constrained,0.9938247045035515,0.0025855445055671215,0.9999502046986487,0.9999635425432623,198764940.90071028,44997759.21143919,74997265.69074467,0.03755704365079365,88.99118489583333,918.6470331101191,3343343.9587258184,0.054249131944444445,0.07337549603174603,3908055.866321873,1675586.366186551,0.06032107014587153,0.05524965660661701,0.14992494489389743,lambda,True,0,0.0,0.9938247045035515,0.054249131944444445,0.03755704365079365,1675586.366186551,0.05524965660661701,0.0,0.0,0.0,0.0,0.0
E200_D45,35,0.5,1.0,0.1211596378167212,0.2294762749968381,0.3348638470580465,200000000.0,400000000.0,45000000.0,90000000.0,75000000.0,328281194.05229217,capacity_constrained,0.9953573724178932,0.0019542953929956434,0.9999484727019033,0.9999634349224009,199071474.48357868,44997681.27158565,74997257.61918007,0.027395833333333335,93.43660590277779,849.073363095238,3336227.3592416914,0.05634734623015873,0.07571738591269842,4093340.7501489557,1775648.1757236836,0.05880341929217363,0.05594333674465539,0.1497822532586652,lambda,False,0.5,0.5,0.9938247045035515,0.054249131944444445,0.03755704365079365,1675586.366186551,0.05524965660661701,0.001532667914341701,0.0020982142857142866,-0.010161210317460319,100061.8095371325,0.0006936801380383814
E200_D45,35,1.0,1.0,0.1211596378167212,0.2294762749968381,0.3348638470580465,200000000.0,400000000.0,45000000.0,90000000.0,75000000.0,328281194.05229217,capacity_constrained,0.9966852148642271,0.00145505470632623,0.9999472229356822,0.9999633759083847,199337042.97284544,44997625.0321057,74997253.19312885,0.019803447420634918,97.07012648809524,783.4550657242064,3328559.6203726437,0.05872829861111111,0.07829427083333333,4287557.6581345815,1881435.82763398,0.057441753565303094,0.05659739278965364,0.14959491215491677,lambda,False,1,1.0,0.9938247045035515,0.054249131944444445,0.03755704365079365,1675586.366186551,0.05524965660661701,0.0028605103606755833,0.004479166666666666,-0.017753596230158736,205849.4614474289,0.0013477361830366297
E200_D45,35,0.0,0.75,0.1211596378167212,0.2294762749968381,0.3348638470580465,200000000.0,400000000.0,45000000.0,90000000.0,75000000.0,328281194.05229217,capacity_constrained,0.9964364872630564,0.0015442407302113659,0.9999466694637198,0.9999635635081148,199287297.45261133,44997600.12586739,74997267.26310861,0.020441468253968254,96.38894841269843,686.4220672123016,3327365.4664614336,0.05954241071428571,0.07901351686507936,4390204.007718584,1973774.8783412608,0.057549528688310925,0.05663899108472986,0.1500390383403309,rho_A,False,0.75,0.75,0.9938247045035515,0.054249131944444445,0.03755704365079365,1675586.366186551,0.05524965660661701,0.0026117827595049103,0.005293278769841266,-0.0171155753968254,298188.5121547098,0.0013893344781128539
E200_D45,35,0.0,1.0,0.1211596378167212,0.2294762749968381,0.3348638470580465,200000000.0,400000000.0,45000000.0,90000000.0,75000000.0,328281194.05229217,capacity_constrained,0.9938247045035515,0.0025855445055671215,0.9999502046986487,0.9999635425432623,198764940.90071028,44997759.21143919,74997265.69074467,0.03755704365079365,88.99118489583333,918.6470331101191,3343343.9587258184,0.054249131944444445,0.07337549603174603,3908055.866321873,1675586.366186551,0.06032107014587153,0.05524965660661701,0.14992494489389743,rho_A,True,1,1.0,0.9938247045035515,0.054249131944444445,0.03755704365079365,1675586.366186551,0.05524965660661701,0.0,0.0,0.0,0.0,0.0
E200_D45,35,0.0,1.25,0.1211596378167212,0.2294762749968381,0.3348638470580465,200000000.0,400000000.0,45000000.0,90000000.0,75000000.0,328281194.05229217,capacity_constrained,0.9847349245473378,0.005429477570745788,0.9999611036283255,0.999963536352131,196946984.90946755,44998249.663274646,74997265.22640982,0.11548363095238096,63.06242683531746,1462.109373139881,3361547.4272805057,0.049570312500000005,0.06716889880952381,3405896.9105750653,1336189.4588576478,0.07089523624051561,0.05497728435300291,0.1497576335664153,rho_A,False,1.25,1.25,0.9938247045035515,0.054249131944444445,0.03755704365079365,1675586.366186551,0.05524965660661701,-0.00908977995621374,-0.00467881944444444,0.0779265873015873,-339396.9073289032,-0.0002723722536140949
E225_D45,21,0.0,1.0,0.1170668159071278,0.2017901574997101,0.4784376616162406,225000000.0,450000000.0,45000000.0,90000000.0,75000000.0,304894385.26551247,capacity_constrained,0.9900066072052621,0.003259415206517347,0.9997252560259478,0.9999750130805035,222751486.621184,44987636.52116765,74998125.98103777,0.07634796626984128,21.011358506944443,310.8719847470238,3989223.463529886,0.052175099206349204,0.07086743551587302,4141558.055924562,1578539.6768617167,0.09049039983481363,0.06763417800429793,0.15120795352069893,elasticity_window,False,21 days,21.0,0.979552857634379,0.05205791170634921,0.15472904265873016,1573497.290747307,0.05473119989608743,0.010453749570883075,0.0001171874999999975,-0.07838107638888889,5042.386114409659,0.012902978108210499
E225_D45,35,0.0,1.0,0.1211596378167212,0.2294762749968381,0.3348638470580465,225000000.0,450000000.0,45000000.0,90000000.0,75000000.0,328281194.05229217,capacity_constrained,0.979552857634379,0.006286345110972819,0.9999557029275647,0.9999636812711535,220399392.9677353,44998006.63174041,74997276.09533651,0.15472904265873016,23.962557663690475,967.3635825892858,3348981.274027778,0.05205791170634921,0.06998697916666666,4071224.163133328,1573497.290747307,0.08338579148934436,0.05473119989608743,0.1499072648858159,elasticity_window,True,35 days,35.0,0.979552857634379,0.05205791170634921,0.15472904265873016,1573497.290747307,0.05473119989608743,0.0,0.0,0.0,0.0,0.0
E225_D45,60,0.0,1.0,0.0816682106235291,0.2046910570850992,0.279675525753271,225000000.0,450000000.0,45000000.0,90000000.0,75000000.0,160896940.00019467,demand_constrained,0.6501113662587781,0.009367238223634907,0.9994082135640111,0.9999555379287183,146275057.40822506,44973369.6103805,74996665.34465387,0.8913485863095238,1.000546875,248.56700644841266,3775585.584731523,0.05995845734126984,0.05999379960317461,2549383.441164812,1924863.4679500074,0.0027575590567356866,0.07624310777583224,0.14977863378661374,elasticity_window,False,60 days,60.0,0.979552857634379,0.05205791170634921,0.15472904265873016,1573497.290747307,0.05473119989608743,-0.32944149137560097,0.007900545634920632,0.7366195436507936,351366.1772027004,0.02151190787974481
E225_D45,75,0.0,1.0,0.0785108223582338,0.2013910565486362,0.253555905620326,225000000.0,450000000.0,45000000.0,90000000.0,75000000.0,151980206.51826182,demand_constrained,0.6229193481468314,0.009051472806090857,0.9989199960461097,0.9999504186917129,140156853.33303702,44951399.822074935,74996281.40187846,0.909384300595238,1.0002907986111111,208.52034350198414,4471285.588541667,0.060573536706349206,0.06058469742063492,2474726.0805441746,1953140.5058886246,0.0020501679888377676,0.08358692279899903,0.1497672443455541,elasticity_window,False,75 days,75.0,0.979552857634379,0.05205791170634921,0.15472904265873016,1573497.290747307,0.05473119989608743,-0.3566335094875477,0.008515624999999999,0.7546552579365078,379643.2151413176,0.0288557229029116
E225_D45,35,0.0,1.0,0.1211596378167212,0.2294762749968381,0.3348638470580465,225000000.0,450000000.0,45000000.0,90000000.0,75000000.0,328281194.05229217,capacity_constrained,0.979552857634379,0.006286345110972819,0.9999557029275647,0.9999636812711535,220399392.9677353,44998006.63174041,74997276.09533651,0.15472904265873016,23.962557663690475,967.3635825892858,3348981.274027778,0.05205791170634921,0.06998697916666666,4071224.163133328,1573497.290747307,0.08338579148934436,0.05473119989608743,0.1499072648858159,lambda,True,0,0.0,0.979552857634379,0.05205791170634921,0.15472904265873016,1573497.290747307,0.05473119989608743,0.0,0.0,0.0,0.0,0.0
E225_D45,35,0.5,1.0,0.1211596378167212,0.2294762749968381,0.3348638470580465,225000000.0,450000000.0,45000000.0,90000000.0,75000000.0,328281194.05229217,capacity_constrained,0.9859754013874402,0.0047807375638432145,0.9999524457349482,0.9999635489386062,221844465.31217408,44997860.05807267,74997266.17039546,0.10099082341269841,28.19852430555555,885.0656653025794,3340954.6504433285,0.054506448412698416,0.07311135912698413,4351055.794270178,1688592.3927043066,0.08179238782540199,0.05540262245873791,0.1497662628341222,lambda,False,0.5,0.5,0.979552857634379,0.05205791170634921,0.15472904265873016,1573497.290747307,0.05473119989608743,0.006422543753061172,0.0024485367063492094,-0.053738219246031754,115095.10195699963,0.0006714225626504797
E225_D45,35,1.0,1.0,0.1211596378167212,0.2294762749968381,0.3348638470580465,225000000.0,450000000.0,45000000.0,90000000.0,75000000.0,328281194.05229217,capacity_constrained,0.990471537983325,0.003414202636764564,0.9999499922509044,0.999963423207529,222856096.0462481,44997749.6512907,74997256.74056467,0.06442894345238095,31.93911892361111,807.8145114087301,3332125.8763169646,0.05730096726190476,0.0763845486111111,4633539.8129771035,1813774.1817718733,0.07716307940052228,0.05624063989751712,0.14958113833107486,lambda,False,1,1.0,0.979552857634379,0.05205791170634921,0.15472904265873016,1573497.290747307,0.05473119989608743,0.010918680348945942,0.005243055555555556,-0.09030009920634921,240276.89102456626,0.0015094400014296905
E225_D45,35,0.0,0.75,0.1211596378167212,0.2294762749968381,0.3348638470580465,225000000.0,450000000.0,45000000.0,90000000.0,75000000.0,328281194.05229217,capacity_constrained,0.9901886129569837,0.0035017021598173427,0.9999490832879087,0.9999636014961246,222792437.91532132,44997708.74795589,74997270.11220935,0.06417844742063492,31.88485119047619,703.5111396329364,3330690.8197433036,0.0582750496031746,0.07703125000000001,4747058.010601036,1911128.484761265,0.07695887614628802,0.05613078737557733,0.15002759086508433,rho_A,False,0.75,0.75,0.979552857634379,0.05205791170634921,0.15472904265873016,1573497.290747307,0.05473119989608743,0.010635755322604634,0.006217137896825396,-0.09055059523809525,337631.1940139581,0.0013995874794899
E225_D45,35,0.0,1.0,0.1211596378167212,0.2294762749968381,0.3348638470580465,225000000.0,450000000.0,45000000.0,90000000.0,75000000.0,328281194.05229217,capacity_constrained,0.979552857634379,0.006286345110972819,0.9999557029275647,0.9999636812711535,220399392.9677353,44998006.63174041,74997276.09533651,0.15472904265873016,23.962557663690475,967.3635825892858,3348981.274027778,0.05205791170634921,0.06998697916666666,4071224.163133328,1573497.290747307,0.08338579148934436,0.05473119989608743,0.1499072648858159,rho_A,True,1,1.0,0.979552857634379,0.05205791170634921,0.15472904265873016,1573497.290747307,0.05473119989608743,0.0,0.0,0.0,0.0,0.0
E225_D45,35,0.0,1.25,0.1211596378167212,0.2294762749968381,0.3348638470580465,225000000.0,450000000.0,45000000.0,90000000.0,75000000.0,328281194.05229217,capacity_constrained,0.9320147717751424,0.01005840792815972,0.9999708998548226,0.9999635621899596,209703323.64940703,44998690.49346702,74997267.16424698,0.46553881448412693,6.44184585813492,1578.9837475198415,3365724.604264013,0.04876364087301587,0.0606671626984127,3255587.536004123,1242931.840268469,0.0691622945599073,0.054827093279680064,0.1497261082195213,rho_A,False,1.25,1.25,0.979552857634379,0.05205791170634921,0.15472904265873016,1573497.290747307,0.05473119989608743,-0.04753808585923669,-0.003294270833333335,0.31080977182539676,-330565.45047883806,9.58933835926365e-05
E250_D60,21,0.0,1.0,0.1170668159071278,0.2017901574997101,0.4784376616162406,250000000.0,500000000.0,60000000.0,90000000.0,75000000.0,304894385.26551247,capacity_constrained,0.9820450982179514,0.0038093109841974633,0.990177981385941,0.9999744846839297,245511274.55448782,59410678.88315646,74998086.35129473,0.1857409474206349,5.851064608134921,34.76153149801587,3646680.177103175,0.18650235615079366,0.19495845734126982,18853068.30505439,7038716.971054526,0.12005101014424199,0.1299145323337456,0.14969221929902732,elasticity_window,False,21 days,21.0,0.9791178061640191,0.19263640873015875,0.18594742063492065,7321837.384679087,0.07260637749559413,0.0029272920539322733,-0.006134052579365085,-0.00020647321428574061,-283120.4136245614,0.05730815483815148
E250_D60,35,0.0,1.0,0.1211596378167212,0.2294762749968381,0.3348638470580465,250000000.0,500000000.0,60000000.0,90000000.0,75000000.0,328281194.05229217,capacity_constrained,0.9791178061640191,0.005101842330440655,0.9998666304024899,0.9999619532630376,244779451.54100475,59991997.82414939,74997146.49472782,0.18594742063492065,7.734636656746032,141.3509623015873,2975805.15937438,0.19263640873015875,0.20071304563492062,19416836.466132477,7321837.384679087,0.10504811135403778,0.07260637749559413,0.14857331725294182,elasticity_window,True,35 days,35.0,0.9791178061640191,0.19263640873015875,0.18594742063492065,7321837.384679087,0.07260637749559413,0.0,0.0,0.0,0.0,0.0
E250_D60,60,0.0,1.0,0.0816682106235291,0.2046910570850992,0.279675525753271,250000000.0,500000000.0,60000000.0,90000000.0,75000000.0,160896940.00019467,demand_constrained,0.5909446783814911,0.009106446484594697,0.9841957155532074,0.9999557323720499,147736169.59537277,59051742.93319245,74996679.92790374,0.9450880456349207,1.0000638640873016,24.52349454365079,3396541.543953373,0.1926748511904762,0.19268229166666667,11034795.049485061,7924515.512426222,0.0009751115281126206,0.13841149569763728,0.14898295272267859,elasticity_window,False,60 days,60.0,0.9791178061640191,0.19263640873015875,0.18594742063492065,7321837.384679087,0.07260637749559413,-0.388173127782528,3.8442460317450466e-05,0.759140625,602678.1277471343,0.06580511820204314
E250_D60,75,0.0,1.0,0.0785108223582338,0.2013910565486362,0.253555905620326,250000000.0,500000000.0,60000000.0,90000000.0,75000000.0,151980206.51826182,demand_constrained,0.5621564074705323,0.008724831902955787,0.9760014247494518,0.9999505739813592,140539101.8676331,58560085.48496711,74996293.04860194,0.9594593253968253,1.000021701388889,19.47812003968254,4057862.1475031003,0.18836495535714287,0.18836743551587304,10274309.490942106,7763028.968703648,0.00040935157627839275,0.14000249359352146,0.14905638648282335,elasticity_window,False,75 days,75.0,0.9791178061640191,0.19263640873015875,0.18594742063492065,7321837.384679087,0.07260637749559413,-0.4169613986934868,-0.004271453373015877,0.7735119047619047,441191.58402456064,0.06739611609792732
E250_D60,35,0.0,1.0,0.1211596378167212,0.2294762749968381,0.3348638470580465,250000000.0,500000000.0,60000000.0,90000000.0,75000000.0,328281194.05229217,capacity_constrained,0.9791178061640191,0.005101842330440655,0.9998666304024899,0.9999619532630376,244779451.54100475,59991997.82414939,74997146.49472782,0.18594742063492065,7.734636656746032,141.3509623015873,2975805.15937438,0.19263640873015875,0.20071304563492062,19416836.466132477,7321837.384679087,0.10504811135403778,0.07260637749559413,0.14857331725294182,lambda,True,0,0.0,0.9791178061640191,0.19263640873015875,0.18594742063492065,7321837.384679087,0.07260637749559413,0.0,0.0,0.0,0.0,0.0
E250_D60,35,0.5,1.0,0.1211596378167212,0.2294762749968381,0.3348638470580465,250000000.0,500000000.0,60000000.0,90000000.0,75000000.0,328281194.05229217,capacity_constrained,0.983227886008782,0.004119555735933732,0.9998232835469969,0.9999618289851888,245806971.50219548,59989397.01281981,74997137.17388916,0.15551339285714283,8.385814732142856,125.6951376488095,2959815.575985863,0.1954656498015873,0.20415240575396826,20172263.85724868,7646795.570690196,0.10783825961518254,0.07545713233469137,0.14824204851284956,lambda,False,0.5,0.5,0.9791178061640191,0.19263640873015875,0.18594742063492065,7321837.384679087,0.07260637749559413,0.0041100798447628595,0.00282924107142854,-0.030434027777777817,324958.18601110857,0.002850754839097233
E250_D60,35,1.0,1.0,0.1211596378167212,0.2294762749968381,0.3348638470580465,250000000.0,500000000.0,60000000.0,90000000.0,75000000.0,328281194.05229217,capacity_constrained,0.9864982278952227,0.003229238510273457,0.9997631638713484,0.9999618559852058,246624556.97380567,59985789.832280904,74997139.19889043,0.13056423611111112,8.917094494047621,110.96085751488096,2942916.8310993304,0.19871465773809527,0.20793402777777778,20967570.031543564,7994586.759309417,0.11075967577704454,0.07898215336742233,0.14782156058125673,lambda,False,1,1.0,0.9791178061640191,0.19263640873015875,0.18594742063492065,7321837.384679087,0.07260637749559413,0.007380421731203568,0.00607824900793652,-0.055383184523809526,672749.3746303292,0.006375775871828193
E250_D60,35,0.0,0.75,0.1211596378167212,0.2294762749968381,0.3348638470580465,250000000.0,500000000.0,60000000.0,90000000.0,75000000.0,328281194.05229217,capacity_constrained,0.9864318794930143,0.0032371402350838377,0.9996869084459876,0.9999620930208727,246607969.87325352,59981214.506759256,74997156.97656545,0.1286706349206349,9.031326264880953,94.37121279761905,2953626.7245796127,0.19638950892857143,0.20615203373015872,20816751.62618038,8118827.697410214,0.11092198471308604,0.08146052295609191,0.1492007182721942,rho_A,False,0.75,0.75,0.9791178061640191,0.19263640873015875,0.18594742063492065,7321837.384679087,0.07260637749559413,0.007314073328995141,0.0037531001984126844,-0.05727678571428574,796990.3127311263,0.008854145460497773
E250_D60,35,0.0,1.0,0.1211596378167212,0.2294762749968381,0.3348638470580465,250000000.0,500000000.0,60000000.0,90000000.0,75000000.0,328281194.05229217,capacity_constrained,0.9791178061640191,0.005101842330440655,0.9998666304024899,0.9999619532630376,244779451.54100475,59991997.82414939,74997146.49472782,0.18594742063492065,7.734636656746032,141.3509623015873,2975805.15937438,0.19263640873015875,0.20071304563492062,19416836.466132477,7321837.384679087,0.10504811135403778,0.07260637749559413,0.14857331725294182,rho_A,True,1,1.0,0.9791178061640191,0.19263640873015875,0.18594742063492065,7321837.384679087,0.07260637749559413,0.0,0.0,0.0,0.0,0.0
E250_D60,35,0.0,1.25,0.1211596378167212,0.2294762749968381,0.3348638470580465,250000000.0,500000000.0,60000000.0,90000000.0,75000000.0,328281194.05229217,capacity_constrained,0.9490002779021873,0.008817309266311158,0.9999628251663402,0.9999621537637313,237250069.47554684,59997769.50998041,74997161.53227985,0.3880791170634921,3.7535106646825396,247.83960131448413,2978107.249481647,0.19580171130952384,0.2001984126984127,18482232.06008874,6657567.847852636,0.08441794506105088,0.06493757942079786,0.14738469213708003,rho_A,False,1.25,1.25,0.9791178061640191,0.19263640873015875,0.18594742063492065,7321837.384679087,0.07260637749559413,-0.030117528261831783,0.0031653025793650924,0.20213169642857143,-664269.5368264513,-0.007668798074796271
E300_D77,21,0.0,1.0,0.1170668159071278,0.2017901574997101,0.4784376616162406,300000000.0,600000000.0,77000000.0,90000000.0,75000000.0,304894385.26551247,capacity_constrained,0.8578143792311446,0.010859251156814942,0.9042559044744295,0.9999767748766112,257344313.76934338,69627704.64453107,74998258.11574584,0.6600341021825398,1.0981231398809523,1.7177529761904762,3043247.707886285,0.3673418898809524,0.3698914930555556,47784336.17913826,19975897.71084912,0.04683348091607793,0.08492442254223614,0.14958991585558956,elasticity_window,False,21 days,21.0,0.8285927571823564,0.5137053571428571,0.7104799107142857,31823682.649663404,0.12515551414195109,0.0292216220487882,-0.14636346726190474,-0.05044580853174596,-11847784.938814282,-0.04023109159971494
E300_D77,35,0.0,1.0,0.1211596378167212,0.2294762749968381,0.3348638470580465,300000000.0,600000000.0,77000000.0,90000000.0,75000000.0,328281194.05229217,capacity_constrained,0.8285927571823564,0.01118479819361671,0.9917916477932489,0.9999632789464543,248577827.1547069,76367956.88008016,74997245.92098407,0.7104799107142857,1.1091462053571428,8.785147569444444,2080639.0540259178,0.5137053571428571,0.5153062996031745,72348031.61057866,31823682.649663404,0.03837037588480842,0.12515551414195109,0.1490689106275775,elasticity_window,True,35 days,35.0,0.8285927571823564,0.5137053571428571,0.7104799107142857,31823682.649663404,0.12515551414195109,0.0,0.0,0.0,0.0,0.0
E300_D77,60,0.0,1.0,0.0816682106235291,0.2046910570850992,0.279675525753271,300000000.0,600000000.0,77000000.0,90000000.0,75000000.0,160896940.00019467,demand_constrained,0.4620173385171966,0.006728411228950778,0.8826215072163469,0.9999599241851527,138605201.55515897,67961856.05565871,74996994.31388645,0.9926302083333334,1.0,1.501068328373016,2911571.1015221975,0.3479414682539682,0.3479414682539682,23839052.428981934,20092904.718583778,0.0,0.07746628998763924,0.14973540223706577,elasticity_window,False,60 days,60.0,0.8285927571823564,0.5137053571428571,0.7104799107142857,31823682.649663404,0.12515551414195109,-0.36657541866515975,-0.16576388888888893,0.28215029761904764,-11730777.931079626,-0.04768922415431184
E300_D77,75,0.0,1.0,0.0785108223582338,0.2013910565486362,0.253555905620326,300000000.0,600000000.0,77000000.0,90000000.0,75000000.0,151980206.51826182,demand_constrained,0.4438199062727747,0.00649640392376156,0.8582673220313505,0.9999556181914285,133145971.88183239,66086583.79641399,74996671.36435714,0.9943551587301587,1.0,1.3361842757936508,3630326.867903646,0.3170746527777778,0.3170746527777778,20406155.546394847,17939847.9430307,0.0,0.06645183695122443,0.1498225430248427,elasticity_window,False,75 days,75.0,0.8285927571823564,0.5137053571428571,0.7104799107142857,31823682.649663404,0.12515551414195109,-0.3847728509095817,-0.19663070436507935,0.28387524801587294,-13883834.706632704,-0.05870367719072665
E300_D77,35,0.0,1.0,0.1211596378167212,0.2294762749968381,0.3348638470580465,300000000.0,600000000.0,77000000.0,90000000.0,75000000.0,328281194.05229217,capacity_constrained,0.8285927571823564,0.01118479819361671,0.9917916477932489,0.9999632789464543,248577827.1547069,76367956.88008016,74997245.92098407,0.7104799107142857,1.1091462053571428,8.785147569444444,2080639.0540259178,0.5137053571428571,0.5153062996031745,72348031.61057866,31823682.649663404,0.03837037588480842,0.12515551414195109,0.1490689106275775,lambda,True,0,0.0,0.8285927571823564,0.5137053571428571,0.7104799107142857,31823682.649663404,0.12515551414195109,0.0,0.0,0.0,0.0,0.0
E300_D77,35,0.5,1.0,0.1211596378167212,0.2294762749968381,0.3348638470580465,300000000.0,600000000.0,77000000.0,90000000.0,75000000.0,328281194.05229217,capacity_constrained,0.833076858414818,0.011123010917946373,0.9901593709141117,0.999964044109584,249923057.5244454,76242271.5603866,74997303.30821879,0.6989546130952382,1.1334083581349206,7.761246279761904,2073288.8713312251,0.5128596230158731,0.5146657986111112,73215928.54280415,32284761.28858631,0.042215177635299944,0.1278035439631481,0.1480356058041987,lambda,False,0.5,0.5,0.8285927571823564,0.5137053571428571,0.7104799107142857,31823682.649663404,0.12515551414195109,0.004484101232461679,-0.0008457341269840768,-0.011525297619047525,461078.6389229074,0.0026480298211970232
E300_D77,35,1.0,1.0,0.1211596378167212,0.2294762749968381,0.3348638470580465,300000000.0,600000000.0,77000000.0,90000000.0,75000000.0,328281194.05229217,capacity_constrained,0.8369669163570281,0.011045780769883827,0.9882270149473,0.9999637522774947,251090074.90710843,76093480.1509421,74997281.4208121,0.6885695684523809,1.1555332341269842,6.843465401785714,2063041.0891331844,0.511555679563492,0.5135999503968254,74047848.17992033,32760281.0185353,0.04605321294937416,0.13116759004709921,0.1469729295330055,lambda,False,1,1.0,0.8285927571823564,0.5137053571428571,0.7104799107142857,31823682.649663404,0.12515551414195109,0.00837415917467177,-0.002149677579365128,-0.021910342261904803,936598.3688718975,0.006012075905148129
E300_D77,35,0.0,0.75,0.1211596378167212,0.2294762749968381,0.3348638470580465,300000000.0,600000000.0,77000000.0,90000000.0,75000000.0,328281194.05229217,capacity_constrained,0.8413882058901869,0.011035987955483592,0.9862931401612821,0.9999644073084663,252416461.76705608,75944571.79241872,74997330.54813497,0.6784716021825397,1.1715364583333332,6.1456578621031746,2105815.4302269346,0.5043036954365079,0.5066604662698413,72737370.03866196,32452734.33728544,0.048556215243131806,0.13363907883954224,0.15035847485993312,rho_A,False,0.75,0.75,0.8285927571823564,0.5137053571428571,0.7104799107142857,31823682.649663404,0.12515551414195109,0.012795448707830559,-0.009401661706349262,-0.03200830853174608,629051.6876220368,0.00848356469759115
E300_D77,35,0.0,1.0,0.1211596378167212,0.2294762749968381,0.3348638470580465,300000000.0,600000000.0,77000000.0,90000000.0,75000000.0,328281194.05229217,capacity_constrained,0.8285927571823564,0.01118479819361671,0.9917916477932489,0.9999632789464543,248577827.1547069,76367956.88008016,74997245.92098407,0.7104799107142857,1.1091462053571428,8.785147569444444,2080639.0540259178,0.5137053571428571,0.5153062996031745,72348031.61057866,31823682.649663404,0.03837037588480842,0.12515551414195109,0.1490689106275775,rho_A,True,1,1.0,0.8285927571823564,0.5137053571428571,0.7104799107142857,31823682.649663404,0.12515551414195109,0.0,0.0,0.0,0.0,0.0
E300_D77,35,0.0,1.25,0.1211596378167212,0.2294762749968381,0.3348638470580465,300000000.0,600000000.0,77000000.0,90000000.0,75000000.0,328281194.05229217,capacity_constrained,0.7938112140707815,0.01047049383363479,0.9965589318124622,0.9999612233770883,238143364.22123447,76735037.7495596,74997091.75328162,0.7908252728174603,1.017435515873016,15.239671999007935,2001519.7713386656,0.5289112103174604,0.5295374503968254,72365416.85724983,31698491.102743506,0.016340155694699692,0.11127317781481852,0.1469151535749231,rho_A,False,1.25,1.25,0.8285927571823564,0.5137053571428571,0.7104799107142857,31823682.649663404,0.12515551414195109,-0.034781543111574886,0.015205853174603212,0.08034536210317456,-125191.5469198972,-0.013882336327132566
E300_D80,21,0.0,1.0,0.1170668159071278,0.2017901574997101,0.4784376616162406,300000000.0,600000000.0,80000000.0,90000000.0,75000000.0,304894385.26551247,capacity_constrained,0.850715216186954,0.011184405785078557,0.8771405581624657,0.9999769767271459,255214564.8560862,70171244.65299726,74998273.25453594,0.677249503968254,1.060851314484127,1.2947501240079364,2972853.023801463,0.3857862103174603,0.3882173859126984,50958111.33295583,21808372.541870907,0.04132657590061874,0.05757074602418411,0.1496822324085404,elasticity_window,False,21 days,21.0,0.7934826566156371,0.5918656994047619,0.7748722718253969,40787834.351500176,0.12103246476841412,0.0572325595713169,-0.20607948908730156,-0.09762276785714286,-18979461.80962927,-0.06346171874423001
E300_D80,35,0.0,1.0,0.1211596378167212,0.2294762749968381,0.3348638470580465,300000000.0,600000000.0,80000000.0,90000000.0,75000000.0,328281194.05229217,capacity_constrained,0.7934826566156371,0.010841982114503232,0.9837690712993968,0.9999623158527243,238044796.98469114,78701525.70395175,74997173.68895432,0.7748722718253969,1.0492534722222224,5.006017485119047,1875530.5648139883,0.5918656994047619,0.5929786706349206,87317422.68169165,40787834.351500176,0.027735160178609917,0.12103246476841412,0.14965063467087603,elasticity_window,True,35 days,35.0,0.7934826566156371,0.5918656994047619,0.7748722718253969,40787834.351500176,0.12103246476841412,0.0,0.0,0.0,0.0,0.0
E300_D80,60,0.0,1.0,0.0816682106235291,0.2046910570850992,0.279675525753271,300000000.0,600000000.0,80000000.0,90000000.0,75000000.0,160896940.00019467,demand_constrained,0.4582155291991844,0.006759986129263164,0.8549887429493721,0.999959310869452,137464658.7597553,68399099.43594977,74996948.3152089,0.992913566468254,1.0,1.209131324404762,2864608.362974331,0.36266183035714283,0.36266183035714283,25134912.250002198,21603112.469075177,0.0,0.05246682797364191,0.14982443187540542,elasticity_window,False,60 days,60.0,0.7934826566156371,0.5918656994047619,0.7748722718253969,40787834.351500176,0.12103246476841412,-0.3352671274164527,-0.22920386904761902,0.21804129464285715,-19184721.882425,-0.0685656367947722
E300_D80,75,0.0,1.0,0.0785108223582338,0.2013910565486362,0.253555905620326,300000000.0,600000000.0,80000000.0,90000000.0,75000000.0,151980206.51826182,demand_constrained,0.4411998653991027,0.006506152547164663,0.8300717436310229,0.9999552086930156,132359959.61973083,66405739.49048183,74996640.65197617,0.9945070684523809,1.0,1.1361098710317459,3592473.5605983385,0.3278224206349206,0.3278224206349206,21292838.07736091,19030171.719337467,0.0,0.04346578379244499,0.14988392996933037,elasticity_window,False,75 days,75.0,0.7934826566156371,0.5918656994047619,0.7748722718253969,40787834.351500176,0.12103246476841412,-0.3522827912165344,-0.26404327876984124,0.21963479662698404,-21757662.63216271,-0.07756668097596912
E300_D80,35,0.0,1.0,0.1211596378167212,0.2294762749968381,0.3348638470580465,300000000.0,600000000.0,80000000.0,90000000.0,75000000.0,328281194.05229217,capacity_constrained,0.7934826566156371,0.010841982114503232,0.9837690712993968,0.9999623158527243,238044796.98469114,78701525.70395175,74997173.68895432,0.7748722718253969,1.0492534722222224,5.006017485119047,1875530.5648139883,0.5918656994047619,0.5929786706349206,87317422.68169165,40787834.351500176,0.027735160178609917,0.12103246476841412,0.14965063467087603,lambda,True,0,0.0,0.7934826566156371,0.5918656994047619,0.7748722718253969,40787834.351500176,0.12103246476841412,0.0,0.0,0.0,0.0,0.0
E300_D80,35,0.5,1.0,0.1211596378167212,0.2294762749968381,0.3348638470580465,300000000.0,600000000.0,80000000.0,90000000.0,75000000.0,328281194.05229217,capacity_constrained,0.7977360757892318,0.010847698651694422,0.9812716879562561,0.9999623149895195,239320822.7367695,78501735.03650048,74997173.62421396,0.7651773313492063,1.0598660714285715,4.47794208829365,1874526.766641865,0.5881727430555557,0.5894735863095238,87595754.71916589,41003625.305228874,0.02989575730977358,0.12102725755398533,0.14843391593129787,lambda,False,0.5,0.5,0.7934826566156371,0.5918656994047619,0.7748722718253969,40787834.351500176,0.12103246476841412,0.004253419173594675,-0.003692956349206189,-0.009694940476190572,215790.9537286982,-5.2072144287873545e-06
E300_D80,35,1.0,1.0,0.1211596378167212,0.2294762749968381,0.3348638470580465,300000000.0,600000000.0,80000000.0,90000000.0,75000000.0,328281194.05229217,capacity_constrained,0.8018101679615752,0.010819755184655312,0.978395223302595,0.9999622964524237,240543050.38847262,78271617.8642076,74997172.23393178,0.7558953373015873,1.0699373759920636,4.005072544642857,1871440.7098635912,0.5837636408730158,0.5852914186507937,87768383.51031965,41184020.14539841,0.032422340666329076,0.12057412360801813,0.14720739923758303,lambda,False,1,1.0,0.7934826566156371,0.5918656994047619,0.7748722718253969,40787834.351500176,0.12103246476841412,0.008327511345938121,-0.00810205853174606,-0.018976934523809552,396185.7938982323,-0.00045834116039598916
E300_D80,35,0.0,0.75,0.1211596378167212,0.2294762749968381,0.3348638470580465,300000000.0,600000000.0,80000000.0,90000000.0,75000000.0,328281194.05229217,capacity_constrained,0.8081540947001074,0.010858075371279006,0.9755861273279842,0.9999634197240911,242446228.4100322,78046890.18623874,74997256.47930683,0.7436607142857143,1.078998015873016,3.6527697172619047,1919891.7760305062,0.5742156498015873,0.576000744047619,85847950.91109383,40441628.57113122,0.034442285068983225,0.11979387683858272,0.15091406039621177,rho_A,False,0.75,0.75,0.7934826566156371,0.5918656994047619,0.7748722718253969,40787834.351500176,0.12103246476841412,0.014671438084470245,-0.01765004960317451,-0.031211557539682522,-346205.78036895394,-0.0012385879298313918
E300_D80,35,0.0,1.0,0.1211596378167212,0.2294762749968381,0.3348638470580465,300000000.0,600000000.0,80000000.0,90000000.0,75000000.0,328281194.05229217,capacity_constrained,0.7934826566156371,0.010841982114503232,0.9837690712993968,0.9999623158527243,238044796.98469114,78701525.70395175,74997173.68895432,0.7748722718253969,1.0492534722222224,5.006017485119047,1875530.5648139883,0.5918656994047619,0.5929786706349206,87317422.68169165,40787834.351500176,0.027735160178609917,0.12103246476841412,0.14965063467087603,rho_A,True,1,1.0,0.7934826566156371,0.5918656994047619,0.7748722718253969,40787834.351500176,0.12103246476841412,0.0,0.0,0.0,0.0,0.0
E300_D80,35,0.0,1.25,0.1211596378167212,0.2294762749968381,0.3348638470580465,300000000.0,600000000.0,80000000.0,90000000.0,75000000.0,328281194.05229217,capacity_constrained,0.7608588893690255,0.010169748938653123,0.9917336453141201,0.9999600676897422,228257666.81070763,79338691.62512961,74997005.07673067,0.8448363095238096,1.0071335565476192,8.283643973214286,1768595.733965774,0.6160658482142858,0.6165004960317461,89728682.19040164,41979717.22579731,0.01177025299669518,0.11331908226505963,0.14750961527333112,rho_A,False,1.25,1.25,0.7934826566156371,0.5918656994047619,0.7748722718253969,40787834.351500176,0.12103246476841412,-0.032623767246611646,0.024200148809523925,0.06996403769841275,1191882.8742971346,-0.007713382503354488
E300_D85,21,0.0,1.0,0.1170668159071278,0.2017901574997101,0.4784376616162406,300000000.0,600000000.0,85000000.0,90000000.0,75000000.0,304894385.26551247,capacity_constrained,0.8435530971491888,0.011737220715755881,0.8294619047263421,0.999977872229872,253065929.14475662,70504261.90173908,74998340.4172404,0.6943210565476191,1.033275669642857,1.026476314484127,2902904.1763771083,0.3999553571428571,0.4023294890873016,53963979.970776655,23565795.61219245,0.038007155649182875,0.016978861629620083,0.1497099810397529,elasticity_window,False,21 days,21.0,0.7262143323064272,0.6921707589285714,0.873812003968254,58542071.92454034,0.06431562593841453,0.11733876484276162,-0.29221540178571426,-0.17949094742063487,-34976276.31234789,-0.047336764308794445
E300_D85,35,0.0,1.0,0.1211596378167212,0.2294762749968381,0.3348638470580465,300000000.0,600000000.0,85000000.0,90000000.0,75000000.0,328281194.05229217,capacity_constrained,0.7262143323064272,0.011054608263645016,0.9548713736385562,0.9999613894647534,217864299.69192815,81164066.75927728,74997104.20985651,0.873812003968254,1.0029036458333334,1.5859753224206348,1565067.4606826636,0.6921707589285714,0.6928776041666667,112520102.01507142,58542071.92454034,0.009598922119902643,0.06431562593841453,0.15080573185169924,elasticity_window,True,35 days,35.0,0.7262143323064272,0.6921707589285714,0.873812003968254,58542071.92454034,0.06431562593841453,0.0,0.0,0.0,0.0,0.0
E300_D85,60,0.0,1.0,0.0816682106235291,0.2046910570850992,0.279675525753271,300000000.0,600000000.0,85000000.0,90000000.0,75000000.0,160896940.00019467,demand_constrained,0.4544571867387458,0.006884399663108492,0.8078910346113931,0.9999614607559943,136337156.02162373,68670737.94196841,74997109.55669957,0.9930493551587302,1.0,1.0190990823412698,2819943.8195120287,0.37393601190476194,0.37393601190476194,26376057.24679313,23050191.880367987,0.0,0.016191669069280584,0.14985075923938698,elasticity_window,False,60 days,60.0,0.7262143323064272,0.6921707589285714,0.873812003968254,58542071.92454034,0.06431562593841453,-0.2717571455676814,-0.31823474702380944,0.11923735119047618,-35491880.044172354,-0.04812395686913394
E300_D85,75,0.0,1.0,0.0785108223582338,0.2013910565486362,0.253555905620326,300000000.0,600000000.0,85000000.0,90000000.0,75000000.0,151980206.51826182,demand_constrained,0.43869078870746236,0.006539655380996744,0.7834957910809989,0.999957126263415,131607236.61223869,66597142.2418849,74996784.46975613,0.994569072420635,1.0,1.011081349206349,3557731.576916543,0.3357874503968254,0.3357874503968254,22115724.593728706,20003895.17750659,0.0,0.014539239317357466,0.149895058180605,elasticity_window,False,75 days,75.0,0.7262143323064272,0.6921707589285714,0.873812003968254,58542071.92454034,0.06431562593841453,-0.2875235435989648,-0.356383308531746,0.12075706845238099,-38538176.74703375,-0.04977638662105706
E300_D85,35,0.0,1.0,0.1211596378167212,0.2294762749968381,0.3348638470580465,300000000.0,600000000.0,85000000.0,90000000.0,75000000.0,328281194.05229217,capacity_constrained,0.7262143323064272,0.011054608263645016,0.9548713736385562,0.9999613894647534,217864299.69192815,81164066.75927728,74997104.20985651,0.873812003968254,1.0029036458333334,1.5859753224206348,1565067.4606826636,0.6921707589285714,0.6928776041666667,112520102.01507142,58542071.92454034,0.009598922119902643,0.06431562593841453,0.15080573185169924,lambda,True,0,0.0,0.7262143323064272,0.6921707589285714,0.873812003968254,58542071.92454034,0.06431562593841453,0.0,0.0,0.0,0.0,0.0
E300_D85,35,0.5,1.0,0.1211596378167212,0.2294762749968381,0.3348638470580465,300000000.0,600000000.0,85000000.0,90000000.0,75000000.0,328281194.05229217,capacity_constrained,0.7331916993113357,0.01137133266090562,0.9508600255572877,0.9999617353241026,219957509.7934007,80823102.17236945,74997130.1493077,0.8630264136904762,1.003914310515873,1.5119481646825397,1585474.1550210812,0.6820975942460318,0.6829662698412698,111045348.2619075,57663268.78029253,0.010187269138282821,0.06132586939200666,0.14921516674366336,lambda,False,0.5,0.5,0.7262143323064272,0.6921707589285714,0.873812003968254,58542071.92454034,0.06431562593841453,0.006977367004908475,-0.010073164682539604,-0.010785590277777812,-878803.1442478076,-0.0029897565464078665
E300_D85,35,1.0,1.0,0.1211596378167212,0.2294762749968381,0.3348638470580465,300000000.0,600000000.0,85000000.0,90000000.0,75000000.0,328281194.05229217,capacity_constrained,0.7403181576340885,0.011677287346929298,0.9464723627577393,0.9999618995253299,222095447.29022655,80450150.83440784,74997142.46439974,0.8516933283730159,1.005157490079365,1.4458568948412698,1605955.2304774304,0.6715314980158731,0.672601066468254,109488769.84033054,56761362.82186793,0.012596738800868902,0.05875015909635821,0.14763894677718492,lambda,False,1,1.0,0.7262143323064272,0.6921707589285714,0.873812003968254,58542071.92454034,0.06431562593841453,0.014103825327661301,-0.0206392609126983,-0.022118675595238058,-1780709.102672413,-0.005565466842056319
E300_D85,35,0.0,0.75,0.1211596378167212,0.2294762749968381,0.3348638470580465,300000000.0,600000000.0,85000000.0,90000000.0,75000000.0,328281194.05229217,capacity_constrained,0.7511523849183079,0.011930776563539866,0.9423181593314424,0.9999629336446622,225345715.4754924,80097043.5431726,74997220.02334966,0.835828373015873,1.0071168154761905,1.3958475942460318,1671099.2091821677,0.6573908730158731,0.6587096974206349,106157055.94907883,54769256.65973626,0.015191749457605978,0.05623529587247439,0.1517766302548552,rho_A,False,0.75,0.75,0.7262143323064272,0.6921707589285714,0.873812003968254,58542071.92454034,0.06431562593841453,0.024938052611880757,-0.034779885912698316,-0.037983630952381,-3772815.26480408,-0.008080330065940139
E300_D85,35,0.0,1.0,0.1211596378167212,0.2294762749968381,0.3348638470580465,300000000.0,600000000.0,85000000.0,90000000.0,75000000.0,328281194.05229217,capacity_constrained,0.7262143323064272,0.011054608263645016,0.9548713736385562,0.9999613894647534,217864299.69192815,81164066.75927728,74997104.20985651,0.873812003968254,1.0029036458333334,1.5859753224206348,1565067.4606826636,0.6921707589285714,0.6928776041666667,112520102.01507142,58542071.92454034,0.009598922119902643,0.06431562593841453,0.15080573185169924,rho_A,True,1,1.0,0.7262143323064272,0.6921707589285714,0.873812003968254,58542071.92454034,0.06431562593841453,0.0,0.0,0.0,0.0,0.0
E300_D85,35,0.0,1.25,0.1211596378167212,0.2294762749968381,0.3348638470580465,300000000.0,600000000.0,85000000.0,90000000.0,75000000.0,328281194.05229217,capacity_constrained,0.6835138001528749,0.009538390171687125,0.9692878412735542,0.9999576112811229,205054140.04586247,82389466.5082521,74996820.84608422,0.9315631200396826,1.0001432291666668,2.032866443452381,1381733.2438175844,0.7389105902777777,0.739148685515873,122763700.56016874,65471702.31786542,0.002276909509850494,0.07241099722165717,0.1491701120514718,rho_A,False,1.25,1.25,0.7262143323064272,0.6921707589285714,0.873812003968254,58542071.92454034,0.06431562593841453,-0.042700532153552295,0.04673983134920634,0.057751116071428577,6929630.3933250755,0.008095371283242642
